dataset,weighting,rank,year,weighted_hwmid,weighted_countries
Historical / E-OBS,bio_tyndp2024_pemmdb_nt2040,1,2003,8.362403023466344,Austria+Belgium+Czechia+France+Germany+Italy+Luxembourg+Netherlands+Poland
Historical / E-OBS,bio_tyndp2024_pemmdb_nt2040,2,2015,5.335167434422281,Austria+Belgium+Czechia+France+Germany+Italy+Luxembourg+Netherlands+Poland
Historical / E-OBS,bio_tyndp2024_pemmdb_nt2040,3,2019,4.478200064876583,Austria+Belgium+Czechia+France+Germany+Italy+Luxembourg+Netherlands+Poland
Historical / E-OBS,bio_tyndp2024_pemmdb_nt2040,4,2022,4.16846403378517,Austria+Belgium+Czechia+France+Germany+Italy+Luxembourg+Netherlands+Poland
Historical / E-OBS,bio_tyndp2024_pemmdb_nt2040,5,2023,3.736872251689098,Austria+Belgium+Czechia+France+Germany+Italy+Luxembourg+Netherlands+Poland
Historical / E-OBS,bio_tyndp2024_pemmdb_nt2040,6,2025,3.3449527938397936,Austria+Belgium+Czechia+France+Germany+Italy+Luxembourg+Netherlands+Poland
Historical / E-OBS,bio_tyndp2024_pemmdb_nt2040,7,2017,3.2148821479807195,Austria+Belgium+Czechia+France+Germany+Italy+Luxembourg+Netherlands+Poland
Historical / E-OBS,bio_tyndp2024_pemmdb_nt2040,8,2006,3.059541622213393,Austria+Belgium+Czechia+France+Germany+Italy+Luxembourg+Netherlands+Poland
Historical / E-OBS,bio_tyndp2024_pemmdb_nt2040,9,1994,3.003624850886487,Austria+Belgium+Czechia+France+Germany+Italy+Luxembourg+Netherlands+Poland
Historical / E-OBS,bio_tyndp2024_pemmdb_nt2040,10,2020,2.8883393600436755,Austria+Belgium+Czechia+France+Germany+Italy+Luxembourg+Netherlands+Poland
Historical / E-OBS,capacity_tyndp2024_pemmdb_nt2040,1,2003,8.103091020794176,Austria+Belgium+Czechia+France+Germany+Italy+Luxembourg+Netherlands+Poland+Spain+Switzerland
Historical / E-OBS,capacity_tyndp2024_pemmdb_nt2040,2,2019,4.888951607090875,Austria+Belgium+Czechia+France+Germany+Italy+Luxembourg+Netherlands+Poland+Spain+Switzerland
Historical / E-OBS,capacity_tyndp2024_pemmdb_nt2040,3,2015,4.600717533768391,Austria+Belgium+Czechia+France+Germany+Italy+Luxembourg+Netherlands+Poland+Spain+Switzerland
Historical / E-OBS,capacity_tyndp2024_pemmdb_nt2040,4,2022,4.473755132161207,Austria+Belgium+Czechia+France+Germany+Italy+Luxembourg+Netherlands+Poland+Spain+Switzerland
Historical / E-OBS,capacity_tyndp2024_pemmdb_nt2040,5,2025,4.188287184330052,Austria+Belgium+Czechia+France+Germany+Italy+Luxembourg+Netherlands+Poland+Spain+Switzerland
Historical / E-OBS,capacity_tyndp2024_pemmdb_nt2040,6,2023,3.5910840332861453,Austria+Belgium+Czechia+France+Germany+Italy+Luxembourg+Netherlands+Poland+Spain+Switzerland
Historical / E-OBS,capacity_tyndp2024_pemmdb_nt2040,7,2018,3.269087507584086,Austria+Belgium+Czechia+France+Germany+Italy+Luxembourg+Netherlands+Poland+Spain+Switzerland
Historical / E-OBS,capacity_tyndp2024_pemmdb_nt2040,8,2020,3.21088488617722,Austria+Belgium+Czechia+France+Germany+Italy+Luxembourg+Netherlands+Poland+Spain+Switzerland
Historical / E-OBS,capacity_tyndp2024_pemmdb_nt2040,9,2006,2.6072911616432064,Austria+Belgium+Czechia+France+Germany+Italy+Luxembourg+Netherlands+Poland+Spain+Switzerland
Historical / E-OBS,capacity_tyndp2024_pemmdb_nt2040,10,2012,2.4997282171126622,Austria+Belgium+Czechia+France+Germany+Italy+Luxembourg+Netherlands+Poland+Spain+Switzerland
Historical / E-OBS,hydro_tyndp2024_pemmdb_nt2040,1,2003,11.388776921288168,Austria+Belgium+Czechia+France+Germany+Italy+Luxembourg+Netherlands+Poland+Spain+Switzerland
Historical / E-OBS,hydro_tyndp2024_pemmdb_nt2040,2,2023,6.095278494000025,Austria+Belgium+Czechia+France+Germany+Italy+Luxembourg+Netherlands+Poland+Spain+Switzerland
Historical / E-OBS,hydro_tyndp2024_pemmdb_nt2040,3,2025,5.905599368365724,Austria+Belgium+Czechia+France+Germany+Italy+Luxembourg+Netherlands+Poland+Spain+Switzerland
Historical / E-OBS,hydro_tyndp2024_pemmdb_nt2040,4,2019,5.53274988870434,Austria+Belgium+Czechia+France+Germany+Italy+Luxembourg+Netherlands+Poland+Spain+Switzerland
Historical / E-OBS,hydro_tyndp2024_pemmdb_nt2040,5,2022,5.420124196554256,Austria+Belgium+Czechia+France+Germany+Italy+Luxembourg+Netherlands+Poland+Spain+Switzerland
Historical / E-OBS,hydro_tyndp2024_pemmdb_nt2040,6,2015,5.22272839669127,Austria+Belgium+Czechia+France+Germany+Italy+Luxembourg+Netherlands+Poland+Spain+Switzerland
Historical / E-OBS,hydro_tyndp2024_pemmdb_nt2040,7,1952,3.98907806063545,Austria+Belgium+Czechia+France+Germany+Italy+Luxembourg+Netherlands+Poland+Spain+Switzerland
Historical / E-OBS,hydro_tyndp2024_pemmdb_nt2040,8,2017,3.83073674909938,Austria+Belgium+Czechia+France+Germany+Italy+Luxembourg+Netherlands+Poland+Spain+Switzerland
Historical / E-OBS,hydro_tyndp2024_pemmdb_nt2040,9,1983,3.56391346147906,Austria+Belgium+Czechia+France+Germany+Italy+Luxembourg+Netherlands+Poland+Spain+Switzerland
Historical / E-OBS,hydro_tyndp2024_pemmdb_nt2040,10,2012,3.302494330511649,Austria+Belgium+Czechia+France+Germany+Italy+Luxembourg+Netherlands+Poland+Spain+Switzerland
Historical / E-OBS,nuclear_tyndp2024_pemmdb_nt2040,1,2003,16.38277569229052,Czechia+France+Poland
Historical / E-OBS,nuclear_tyndp2024_pemmdb_nt2040,2,2025,6.697214029028088,Czechia+France+Poland
Historical / E-OBS,nuclear_tyndp2024_pemmdb_nt2040,3,2019,6.563839984987951,Czechia+France+Poland
Historical / E-OBS,nuclear_tyndp2024_pemmdb_nt2040,4,2023,5.453231909025023,Czechia+France+Poland
Historical / E-OBS,nuclear_tyndp2024_pemmdb_nt2040,5,2020,5.019353125559362,Czechia+France+Poland
Historical / E-OBS,nuclear_tyndp2024_pemmdb_nt2040,6,2022,4.999746756873776,Czechia+France+Poland
Historical / E-OBS,nuclear_tyndp2024_pemmdb_nt2040,7,2015,4.263131396726011,Czechia+France+Poland
Historical / E-OBS,nuclear_tyndp2024_pemmdb_nt2040,8,1976,3.504481465084534,Czechia+France+Poland
Historical / E-OBS,nuclear_tyndp2024_pemmdb_nt2040,9,1952,3.331216441678189,Czechia+France+Poland
Historical / E-OBS,nuclear_tyndp2024_pemmdb_nt2040,10,1998,3.006639194931448,Czechia+France+Poland
Historical / E-OBS,pumped_hydro_tyndp2024_pemmdb_nt2040,1,2003,8.639012961681782,Austria+Belgium+Czechia+France+Germany+Italy+Luxembourg+Poland+Spain+Switzerland
Historical / E-OBS,pumped_hydro_tyndp2024_pemmdb_nt2040,2,2015,5.407195685315835,Austria+Belgium+Czechia+France+Germany+Italy+Luxembourg+Poland+Spain+Switzerland
Historical / E-OBS,pumped_hydro_tyndp2024_pemmdb_nt2040,3,2025,4.847038713885238,Austria+Belgium+Czechia+France+Germany+Italy+Luxembourg+Poland+Spain+Switzerland
Historical / E-OBS,pumped_hydro_tyndp2024_pemmdb_nt2040,4,2022,4.822600437678708,Austria+Belgium+Czechia+France+Germany+Italy+Luxembourg+Poland+Spain+Switzerland
Historical / E-OBS,pumped_hydro_tyndp2024_pemmdb_nt2040,5,2019,4.777206174564372,Austria+Belgium+Czechia+France+Germany+Italy+Luxembourg+Poland+Spain+Switzerland
Historical / E-OBS,pumped_hydro_tyndp2024_pemmdb_nt2040,6,2023,4.673759704718313,Austria+Belgium+Czechia+France+Germany+Italy+Luxembourg+Poland+Spain+Switzerland
Historical / E-OBS,pumped_hydro_tyndp2024_pemmdb_nt2040,7,1952,3.4230456634584163,Austria+Belgium+Czechia+France+Germany+Italy+Luxembourg+Poland+Spain+Switzerland
Historical / E-OBS,pumped_hydro_tyndp2024_pemmdb_nt2040,8,2017,3.237874813675166,Austria+Belgium+Czechia+France+Germany+Italy+Luxembourg+Poland+Spain+Switzerland
Historical / E-OBS,pumped_hydro_tyndp2024_pemmdb_nt2040,9,1957,3.0524488946524992,Austria+Belgium+Czechia+France+Germany+Italy+Luxembourg+Poland+Spain+Switzerland
Historical / E-OBS,pumped_hydro_tyndp2024_pemmdb_nt2040,10,2012,2.951546746672104,Austria+Belgium+Czechia+France+Germany+Italy+Luxembourg+Poland+Spain+Switzerland
Historical / E-OBS,pv_tyndp2024_pemmdb_nt2040,1,2003,7.650054619525577,Austria+Belgium+Czechia+France+Germany+Italy+Luxembourg+Netherlands+Poland+Spain+Switzerland
Historical / E-OBS,pv_tyndp2024_pemmdb_nt2040,2,2019,4.829213090973451,Austria+Belgium+Czechia+France+Germany+Italy+Luxembourg+Netherlands+Poland+Spain+Switzerland
Historical / E-OBS,pv_tyndp2024_pemmdb_nt2040,3,2015,4.589211395827925,Austria+Belgium+Czechia+France+Germany+Italy+Luxembourg+Netherlands+Poland+Spain+Switzerland
Historical / E-OBS,pv_tyndp2024_pemmdb_nt2040,4,2022,4.398487013923153,Austria+Belgium+Czechia+France+Germany+Italy+Luxembourg+Netherlands+Poland+Spain+Switzerland
Historical / E-OBS,pv_tyndp2024_pemmdb_nt2040,5,2025,4.034203399141781,Austria+Belgium+Czechia+France+Germany+Italy+Luxembourg+Netherlands+Poland+Spain+Switzerland
Historical / E-OBS,pv_tyndp2024_pemmdb_nt2040,6,2023,3.3986356028279032,Austria+Belgium+Czechia+France+Germany+Italy+Luxembourg+Netherlands+Poland+Spain+Switzerland
Historical / E-OBS,pv_tyndp2024_pemmdb_nt2040,7,2018,3.358900206279721,Austria+Belgium+Czechia+France+Germany+Italy+Luxembourg+Netherlands+Poland+Spain+Switzerland
Historical / E-OBS,pv_tyndp2024_pemmdb_nt2040,8,2020,3.1468116673484845,Austria+Belgium+Czechia+France+Germany+Italy+Luxembourg+Netherlands+Poland+Spain+Switzerland
Historical / E-OBS,pv_tyndp2024_pemmdb_nt2040,9,2006,2.588345505794144,Austria+Belgium+Czechia+France+Germany+Italy+Luxembourg+Netherlands+Poland+Spain+Switzerland
Historical / E-OBS,pv_tyndp2024_pemmdb_nt2040,10,2012,2.4521798530332,Austria+Belgium+Czechia+France+Germany+Italy+Luxembourg+Netherlands+Poland+Spain+Switzerland
Historical / E-OBS,renewables_tyndp2024_pemmdb_nt2040,1,2003,7.935113151123029,Austria+Belgium+Czechia+France+Germany+Italy+Luxembourg+Netherlands+Poland+Spain+Switzerland
Historical / E-OBS,renewables_tyndp2024_pemmdb_nt2040,2,2019,4.874565791150106,Austria+Belgium+Czechia+France+Germany+Italy+Luxembourg+Netherlands+Poland+Spain+Switzerland
Historical / E-OBS,renewables_tyndp2024_pemmdb_nt2040,3,2015,4.542097375898161,Austria+Belgium+Czechia+France+Germany+Italy+Luxembourg+Netherlands+Poland+Spain+Switzerland
Historical / E-OBS,renewables_tyndp2024_pemmdb_nt2040,4,2022,4.4579638069864,Austria+Belgium+Czechia+France+Germany+Italy+Luxembourg+Netherlands+Poland+Spain+Switzerland
Historical / E-OBS,renewables_tyndp2024_pemmdb_nt2040,5,2025,4.189410734230258,Austria+Belgium+Czechia+France+Germany+Italy+Luxembourg+Netherlands+Poland+Spain+Switzerland
Historical / E-OBS,renewables_tyndp2024_pemmdb_nt2040,6,2023,3.4855641615168187,Austria+Belgium+Czechia+France+Germany+Italy+Luxembourg+Netherlands+Poland+Spain+Switzerland
Historical / E-OBS,renewables_tyndp2024_pemmdb_nt2040,7,2018,3.330430243680021,Austria+Belgium+Czechia+France+Germany+Italy+Luxembourg+Netherlands+Poland+Spain+Switzerland
Historical / E-OBS,renewables_tyndp2024_pemmdb_nt2040,8,2020,3.1962640114161034,Austria+Belgium+Czechia+France+Germany+Italy+Luxembourg+Netherlands+Poland+Spain+Switzerland
Historical / E-OBS,renewables_tyndp2024_pemmdb_nt2040,9,2006,2.555589748078691,Austria+Belgium+Czechia+France+Germany+Italy+Luxembourg+Netherlands+Poland+Spain+Switzerland
Historical / E-OBS,renewables_tyndp2024_pemmdb_nt2040,10,2012,2.4644018423310525,Austria+Belgium+Czechia+France+Germany+Italy+Luxembourg+Netherlands+Poland+Spain+Switzerland
Historical / E-OBS,solar_tyndp2024_pemmdb_nt2040,1,2003,7.624956843871049,Austria+Belgium+Czechia+France+Germany+Italy+Luxembourg+Netherlands+Poland+Spain+Switzerland
Historical / E-OBS,solar_tyndp2024_pemmdb_nt2040,2,2019,4.811067621273073,Austria+Belgium+Czechia+France+Germany+Italy+Luxembourg+Netherlands+Poland+Spain+Switzerland
Historical / E-OBS,solar_tyndp2024_pemmdb_nt2040,3,2015,4.578220907599422,Austria+Belgium+Czechia+France+Germany+Italy+Luxembourg+Netherlands+Poland+Spain+Switzerland
Historical / E-OBS,solar_tyndp2024_pemmdb_nt2040,4,2022,4.442500975056527,Austria+Belgium+Czechia+France+Germany+Italy+Luxembourg+Netherlands+Poland+Spain+Switzerland
Historical / E-OBS,solar_tyndp2024_pemmdb_nt2040,5,2025,4.080517930960744,Austria+Belgium+Czechia+France+Germany+Italy+Luxembourg+Netherlands+Poland+Spain+Switzerland
Historical / E-OBS,solar_tyndp2024_pemmdb_nt2040,6,2023,3.428469856770743,Austria+Belgium+Czechia+France+Germany+Italy+Luxembourg+Netherlands+Poland+Spain+Switzerland
Historical / E-OBS,solar_tyndp2024_pemmdb_nt2040,7,2018,3.354361071426765,Austria+Belgium+Czechia+France+Germany+Italy+Luxembourg+Netherlands+Poland+Spain+Switzerland
Historical / E-OBS,solar_tyndp2024_pemmdb_nt2040,8,2020,3.1353046955817137,Austria+Belgium+Czechia+France+Germany+Italy+Luxembourg+Netherlands+Poland+Spain+Switzerland
Historical / E-OBS,solar_tyndp2024_pemmdb_nt2040,9,2006,2.574098245003385,Austria+Belgium+Czechia+France+Germany+Italy+Luxembourg+Netherlands+Poland+Spain+Switzerland
Historical / E-OBS,solar_tyndp2024_pemmdb_nt2040,10,2012,2.46484953573397,Austria+Belgium+Czechia+France+Germany+Italy+Luxembourg+Netherlands+Poland+Spain+Switzerland
Historical / E-OBS,storage_total_tyndp2024_pemmdb_nt2040,1,2003,7.818618652652378,Austria+Belgium+Czechia+France+Germany+Italy+Luxembourg+Netherlands+Poland+Spain+Switzerland
Historical / E-OBS,storage_total_tyndp2024_pemmdb_nt2040,2,2019,4.93155712504652,Austria+Belgium+Czechia+France+Germany+Italy+Luxembourg+Netherlands+Poland+Spain+Switzerland
Historical / E-OBS,storage_total_tyndp2024_pemmdb_nt2040,3,2015,4.7588023885835655,Austria+Belgium+Czechia+France+Germany+Italy+Luxembourg+Netherlands+Poland+Spain+Switzerland
Historical / E-OBS,storage_total_tyndp2024_pemmdb_nt2040,4,2022,4.011284306531731,Austria+Belgium+Czechia+France+Germany+Italy+Luxembourg+Netherlands+Poland+Spain+Switzerland
Historical / E-OBS,storage_total_tyndp2024_pemmdb_nt2040,5,2025,3.5696789302477554,Austria+Belgium+Czechia+France+Germany+Italy+Luxembourg+Netherlands+Poland+Spain+Switzerland
Historical / E-OBS,storage_total_tyndp2024_pemmdb_nt2040,6,2018,3.4355360778096804,Austria+Belgium+Czechia+France+Germany+Italy+Luxembourg+Netherlands+Poland+Spain+Switzerland
Historical / E-OBS,storage_total_tyndp2024_pemmdb_nt2040,7,2023,3.1662753172948617,Austria+Belgium+Czechia+France+Germany+Italy+Luxembourg+Netherlands+Poland+Spain+Switzerland
Historical / E-OBS,storage_total_tyndp2024_pemmdb_nt2040,8,2020,3.044544263731518,Austria+Belgium+Czechia+France+Germany+Italy+Luxembourg+Netherlands+Poland+Spain+Switzerland
Historical / E-OBS,storage_total_tyndp2024_pemmdb_nt2040,9,2006,2.6850174281441204,Austria+Belgium+Czechia+France+Germany+Italy+Luxembourg+Netherlands+Poland+Spain+Switzerland
Historical / E-OBS,storage_total_tyndp2024_pemmdb_nt2040,10,1957,2.587445485981992,Austria+Belgium+Czechia+France+Germany+Italy+Luxembourg+Netherlands+Poland+Spain+Switzerland
Historical / E-OBS,storage_tyndp2024_pemmdb_nt2040,1,2003,7.587756985409377,Austria+Belgium+Czechia+France+Germany+Italy+Luxembourg+Netherlands+Spain+Switzerland
Historical / E-OBS,storage_tyndp2024_pemmdb_nt2040,2,2019,4.974991992130158,Austria+Belgium+Czechia+France+Germany+Italy+Luxembourg+Netherlands+Spain+Switzerland
Historical / E-OBS,storage_tyndp2024_pemmdb_nt2040,3,2015,4.576342374093825,Austria+Belgium+Czechia+France+Germany+Italy+Luxembourg+Netherlands+Spain+Switzerland
Historical / E-OBS,storage_tyndp2024_pemmdb_nt2040,4,2022,3.782977268518102,Austria+Belgium+Czechia+France+Germany+Italy+Luxembourg+Netherlands+Spain+Switzerland
Historical / E-OBS,storage_tyndp2024_pemmdb_nt2040,5,2018,3.610764558049859,Austria+Belgium+Czechia+France+Germany+Italy+Luxembourg+Netherlands+Spain+Switzerland
Historical / E-OBS,storage_tyndp2024_pemmdb_nt2040,6,2020,3.226159579121644,Austria+Belgium+Czechia+France+Germany+Italy+Luxembourg+Netherlands+Spain+Switzerland
Historical / E-OBS,storage_tyndp2024_pemmdb_nt2040,7,2025,3.210225669694776,Austria+Belgium+Czechia+France+Germany+Italy+Luxembourg+Netherlands+Spain+Switzerland
Historical / E-OBS,storage_tyndp2024_pemmdb_nt2040,8,2006,2.7645570272238364,Austria+Belgium+Czechia+France+Germany+Italy+Luxembourg+Netherlands+Spain+Switzerland
Historical / E-OBS,storage_tyndp2024_pemmdb_nt2040,9,2023,2.742064233437992,Austria+Belgium+Czechia+France+Germany+Italy+Luxembourg+Netherlands+Spain+Switzerland
Historical / E-OBS,storage_tyndp2024_pemmdb_nt2040,10,1957,2.4565919914881587,Austria+Belgium+Czechia+France+Germany+Italy+Luxembourg+Netherlands+Spain+Switzerland
Historical / E-OBS,thermal_nuclear_tyndp2024_pemmdb_nt2040,1,2003,9.423520101528707,Austria+Belgium+Czechia+France+Germany+Italy+Luxembourg+Netherlands+Poland+Spain+Switzerland
Historical / E-OBS,thermal_nuclear_tyndp2024_pemmdb_nt2040,2,2022,5.030504972990705,Austria+Belgium+Czechia+France+Germany+Italy+Luxembourg+Netherlands+Poland+Spain+Switzerland
Historical / E-OBS,thermal_nuclear_tyndp2024_pemmdb_nt2040,3,2019,4.935544520155228,Austria+Belgium+Czechia+France+Germany+Italy+Luxembourg+Netherlands+Poland+Spain+Switzerland
Historical / E-OBS,thermal_nuclear_tyndp2024_pemmdb_nt2040,4,2015,4.805992817685128,Austria+Belgium+Czechia+France+Germany+Italy+Luxembourg+Netherlands+Poland+Spain+Switzerland
Historical / E-OBS,thermal_nuclear_tyndp2024_pemmdb_nt2040,5,2025,4.795537966192501,Austria+Belgium+Czechia+France+Germany+Italy+Luxembourg+Netherlands+Poland+Spain+Switzerland
Historical / E-OBS,thermal_nuclear_tyndp2024_pemmdb_nt2040,6,2023,4.664900793306306,Austria+Belgium+Czechia+France+Germany+Italy+Luxembourg+Netherlands+Poland+Spain+Switzerland
Historical / E-OBS,thermal_nuclear_tyndp2024_pemmdb_nt2040,7,2020,3.466385291288278,Austria+Belgium+Czechia+France+Germany+Italy+Luxembourg+Netherlands+Poland+Spain+Switzerland
Historical / E-OBS,thermal_nuclear_tyndp2024_pemmdb_nt2040,8,2017,3.465128354512525,Austria+Belgium+Czechia+France+Germany+Italy+Luxembourg+Netherlands+Poland+Spain+Switzerland
Historical / E-OBS,thermal_nuclear_tyndp2024_pemmdb_nt2040,9,2006,2.849598506560681,Austria+Belgium+Czechia+France+Germany+Italy+Luxembourg+Netherlands+Poland+Spain+Switzerland
Historical / E-OBS,thermal_nuclear_tyndp2024_pemmdb_nt2040,10,2012,2.843368202010302,Austria+Belgium+Czechia+France+Germany+Italy+Luxembourg+Netherlands+Poland+Spain+Switzerland
Historical / E-OBS,thermal_tyndp2024_pemmdb_nt2040,1,2003,6.625118848163857,Austria+Belgium+Czechia+France+Germany+Italy+Luxembourg+Netherlands+Poland+Spain+Switzerland
Historical / E-OBS,thermal_tyndp2024_pemmdb_nt2040,2,2022,5.0428732255157565,Austria+Belgium+Czechia+France+Germany+Italy+Luxembourg+Netherlands+Poland+Spain+Switzerland
Historical / E-OBS,thermal_tyndp2024_pemmdb_nt2040,3,2015,5.024283992797606,Austria+Belgium+Czechia+France+Germany+Italy+Luxembourg+Netherlands+Poland+Spain+Switzerland
Historical / E-OBS,thermal_tyndp2024_pemmdb_nt2040,4,2023,4.347903270579585,Austria+Belgium+Czechia+France+Germany+Italy+Luxembourg+Netherlands+Poland+Spain+Switzerland
Historical / E-OBS,thermal_tyndp2024_pemmdb_nt2040,5,2019,4.280787124021515,Austria+Belgium+Czechia+France+Germany+Italy+Luxembourg+Netherlands+Poland+Spain+Switzerland
Historical / E-OBS,thermal_tyndp2024_pemmdb_nt2040,6,2025,4.0308509090311855,Austria+Belgium+Czechia+France+Germany+Italy+Luxembourg+Netherlands+Poland+Spain+Switzerland
Historical / E-OBS,thermal_tyndp2024_pemmdb_nt2040,7,2017,3.7921947454455993,Austria+Belgium+Czechia+France+Germany+Italy+Luxembourg+Netherlands+Poland+Spain+Switzerland
Historical / E-OBS,thermal_tyndp2024_pemmdb_nt2040,8,1994,3.173971437479264,Austria+Belgium+Czechia+France+Germany+Italy+Luxembourg+Netherlands+Poland+Spain+Switzerland
Historical / E-OBS,thermal_tyndp2024_pemmdb_nt2040,9,2012,2.8948271283802365,Austria+Belgium+Czechia+France+Germany+Italy+Luxembourg+Netherlands+Poland+Spain+Switzerland
Historical / E-OBS,thermal_tyndp2024_pemmdb_nt2040,10,2006,2.883438962705195,Austria+Belgium+Czechia+France+Germany+Italy+Luxembourg+Netherlands+Poland+Spain+Switzerland
Historical / E-OBS,wind_offshore_tyndp2024_pemmdb_nt2040,1,2003,7.762206109012646,Belgium+France+Germany+Italy+Netherlands+Poland+Spain
Historical / E-OBS,wind_offshore_tyndp2024_pemmdb_nt2040,2,2019,5.68354346073061,Belgium+France+Germany+Italy+Netherlands+Poland+Spain
Historical / E-OBS,wind_offshore_tyndp2024_pemmdb_nt2040,3,2020,4.147640624843494,Belgium+France+Germany+Italy+Netherlands+Poland+Spain
Historical / E-OBS,wind_offshore_tyndp2024_pemmdb_nt2040,4,2015,4.129671148272053,Belgium+France+Germany+Italy+Netherlands+Poland+Spain
Historical / E-OBS,wind_offshore_tyndp2024_pemmdb_nt2040,5,2018,3.6027417045513084,Belgium+France+Germany+Italy+Netherlands+Poland+Spain
Historical / E-OBS,wind_offshore_tyndp2024_pemmdb_nt2040,6,2022,3.601522533141497,Belgium+France+Germany+Italy+Netherlands+Poland+Spain
Historical / E-OBS,wind_offshore_tyndp2024_pemmdb_nt2040,7,2025,3.398408723251356,Belgium+France+Germany+Italy+Netherlands+Poland+Spain
Historical / E-OBS,wind_offshore_tyndp2024_pemmdb_nt2040,8,2006,2.832687050635442,Belgium+France+Germany+Italy+Netherlands+Poland+Spain
Historical / E-OBS,wind_offshore_tyndp2024_pemmdb_nt2040,9,2023,2.5774317151960773,Belgium+France+Germany+Italy+Netherlands+Poland+Spain
Historical / E-OBS,wind_offshore_tyndp2024_pemmdb_nt2040,10,1976,2.2024897733052025,Belgium+France+Germany+Italy+Netherlands+Poland+Spain
Historical / E-OBS,wind_onshore_tyndp2024_pemmdb_nt2040,1,2003,7.981292472829011,Austria+Belgium+Czechia+France+Germany+Italy+Luxembourg+Netherlands+Poland+Spain+Switzerland
Historical / E-OBS,wind_onshore_tyndp2024_pemmdb_nt2040,2,2022,4.695825095085493,Austria+Belgium+Czechia+France+Germany+Italy+Luxembourg+Netherlands+Poland+Spain+Switzerland
Historical / E-OBS,wind_onshore_tyndp2024_pemmdb_nt2040,3,2019,4.49327626510638,Austria+Belgium+Czechia+France+Germany+Italy+Luxembourg+Netherlands+Poland+Spain+Switzerland
Historical / E-OBS,wind_onshore_tyndp2024_pemmdb_nt2040,4,2025,4.477907965892003,Austria+Belgium+Czechia+France+Germany+Italy+Luxembourg+Netherlands+Poland+Spain+Switzerland
Historical / E-OBS,wind_onshore_tyndp2024_pemmdb_nt2040,5,2015,4.462876467041196,Austria+Belgium+Czechia+France+Germany+Italy+Luxembourg+Netherlands+Poland+Spain+Switzerland
Historical / E-OBS,wind_onshore_tyndp2024_pemmdb_nt2040,6,2023,3.4411098507557805,Austria+Belgium+Czechia+France+Germany+Italy+Luxembourg+Netherlands+Poland+Spain+Switzerland
Historical / E-OBS,wind_onshore_tyndp2024_pemmdb_nt2040,7,2018,3.3393282208507324,Austria+Belgium+Czechia+France+Germany+Italy+Luxembourg+Netherlands+Poland+Spain+Switzerland
Historical / E-OBS,wind_onshore_tyndp2024_pemmdb_nt2040,8,2020,2.973648834376668,Austria+Belgium+Czechia+France+Germany+Italy+Luxembourg+Netherlands+Poland+Spain+Switzerland
Historical / E-OBS,wind_onshore_tyndp2024_pemmdb_nt2040,9,2012,2.4661754029569805,Austria+Belgium+Czechia+France+Germany+Italy+Luxembourg+Netherlands+Poland+Spain+Switzerland
Historical / E-OBS,wind_onshore_tyndp2024_pemmdb_nt2040,10,1994,2.413377634763658,Austria+Belgium+Czechia+France+Germany+Italy+Luxembourg+Netherlands+Poland+Spain+Switzerland
Historical / E-OBS,wind_tyndp2024_pemmdb_nt2040,1,2003,7.907505927852809,Austria+Belgium+Czechia+France+Germany+Italy+Luxembourg+Netherlands+Poland+Spain+Switzerland
Historical / E-OBS,wind_tyndp2024_pemmdb_nt2040,2,2019,4.894148790596935,Austria+Belgium+Czechia+France+Germany+Italy+Luxembourg+Netherlands+Poland+Spain+Switzerland
Historical / E-OBS,wind_tyndp2024_pemmdb_nt2040,3,2015,4.350655565605831,Austria+Belgium+Czechia+France+Germany+Italy+Luxembourg+Netherlands+Poland+Spain+Switzerland
Historical / E-OBS,wind_tyndp2024_pemmdb_nt2040,4,2022,4.327272695027787,Austria+Belgium+Czechia+France+Germany+Italy+Luxembourg+Netherlands+Poland+Spain+Switzerland
Historical / E-OBS,wind_tyndp2024_pemmdb_nt2040,5,2025,4.114341206047362,Austria+Belgium+Czechia+France+Germany+Italy+Luxembourg+Netherlands+Poland+Spain+Switzerland
Historical / E-OBS,wind_tyndp2024_pemmdb_nt2040,6,2018,3.4280437872777574,Austria+Belgium+Czechia+France+Germany+Italy+Luxembourg+Netherlands+Poland+Spain+Switzerland
Historical / E-OBS,wind_tyndp2024_pemmdb_nt2040,7,2020,3.3690399328457694,Austria+Belgium+Czechia+France+Germany+Italy+Luxembourg+Netherlands+Poland+Spain+Switzerland
Historical / E-OBS,wind_tyndp2024_pemmdb_nt2040,8,2023,3.1502299233868736,Austria+Belgium+Czechia+France+Germany+Italy+Luxembourg+Netherlands+Poland+Spain+Switzerland
Historical / E-OBS,wind_tyndp2024_pemmdb_nt2040,9,2006,2.520778532715424,Austria+Belgium+Czechia+France+Germany+Italy+Luxembourg+Netherlands+Poland+Spain+Switzerland
Historical / E-OBS,wind_tyndp2024_pemmdb_nt2040,10,1994,2.339934069444777,Austria+Belgium+Czechia+France+Germany+Italy+Luxembourg+Netherlands+Poland+Spain+Switzerland
RCP4.5 / IPSL-WRF,bio_tyndp2024_pemmdb_nt2040,1,2041,18.65316199517719,Austria+Belgium+Czechia+France+Germany+Italy+Luxembourg+Netherlands+Poland
RCP4.5 / IPSL-WRF,bio_tyndp2024_pemmdb_nt2040,2,2070,18.00674517182032,Austria+Belgium+Czechia+France+Germany+Italy+Luxembourg+Netherlands+Poland
RCP4.5 / IPSL-WRF,bio_tyndp2024_pemmdb_nt2040,3,2039,17.95490758821139,Austria+Belgium+Czechia+France+Germany+Italy+Luxembourg+Netherlands+Poland
RCP4.5 / IPSL-WRF,bio_tyndp2024_pemmdb_nt2040,4,2043,17.102687175252274,Austria+Belgium+Czechia+France+Germany+Italy+Luxembourg+Netherlands+Poland
RCP4.5 / IPSL-WRF,bio_tyndp2024_pemmdb_nt2040,5,2065,16.20431710081326,Austria+Belgium+Czechia+France+Germany+Italy+Luxembourg+Netherlands+Poland
RCP4.5 / IPSL-WRF,bio_tyndp2024_pemmdb_nt2040,6,2040,13.579986229295416,Austria+Belgium+Czechia+France+Germany+Italy+Luxembourg+Netherlands+Poland
RCP4.5 / IPSL-WRF,bio_tyndp2024_pemmdb_nt2040,7,2086,13.455104077501876,Austria+Belgium+Czechia+France+Germany+Italy+Luxembourg+Netherlands+Poland
RCP4.5 / IPSL-WRF,bio_tyndp2024_pemmdb_nt2040,8,2088,11.69381438934018,Austria+Belgium+Czechia+France+Germany+Italy+Luxembourg+Netherlands+Poland
RCP4.5 / IPSL-WRF,bio_tyndp2024_pemmdb_nt2040,9,2095,11.279017594082047,Austria+Belgium+Czechia+France+Germany+Italy+Luxembourg+Netherlands+Poland
RCP4.5 / IPSL-WRF,bio_tyndp2024_pemmdb_nt2040,10,2079,11.006750893624323,Austria+Belgium+Czechia+France+Germany+Italy+Luxembourg+Netherlands+Poland
RCP4.5 / IPSL-WRF,capacity_tyndp2024_pemmdb_nt2040,1,2070,15.385273820809378,Austria+Belgium+Czechia+France+Germany+Italy+Luxembourg+Netherlands+Poland+Spain+Switzerland
RCP4.5 / IPSL-WRF,capacity_tyndp2024_pemmdb_nt2040,2,2043,15.023747994377322,Austria+Belgium+Czechia+France+Germany+Italy+Luxembourg+Netherlands+Poland+Spain+Switzerland
RCP4.5 / IPSL-WRF,capacity_tyndp2024_pemmdb_nt2040,3,2041,14.318400236879985,Austria+Belgium+Czechia+France+Germany+Italy+Luxembourg+Netherlands+Poland+Spain+Switzerland
RCP4.5 / IPSL-WRF,capacity_tyndp2024_pemmdb_nt2040,4,2039,14.259026504550729,Austria+Belgium+Czechia+France+Germany+Italy+Luxembourg+Netherlands+Poland+Spain+Switzerland
RCP4.5 / IPSL-WRF,capacity_tyndp2024_pemmdb_nt2040,5,2065,13.833890733899317,Austria+Belgium+Czechia+France+Germany+Italy+Luxembourg+Netherlands+Poland+Spain+Switzerland
RCP4.5 / IPSL-WRF,capacity_tyndp2024_pemmdb_nt2040,6,2040,11.666610580380745,Austria+Belgium+Czechia+France+Germany+Italy+Luxembourg+Netherlands+Poland+Spain+Switzerland
RCP4.5 / IPSL-WRF,capacity_tyndp2024_pemmdb_nt2040,7,2086,10.551820521561009,Austria+Belgium+Czechia+France+Germany+Italy+Luxembourg+Netherlands+Poland+Spain+Switzerland
RCP4.5 / IPSL-WRF,capacity_tyndp2024_pemmdb_nt2040,8,2079,10.391158681609172,Austria+Belgium+Czechia+France+Germany+Italy+Luxembourg+Netherlands+Poland+Spain+Switzerland
RCP4.5 / IPSL-WRF,capacity_tyndp2024_pemmdb_nt2040,9,2088,10.36604204497839,Austria+Belgium+Czechia+France+Germany+Italy+Luxembourg+Netherlands+Poland+Spain+Switzerland
RCP4.5 / IPSL-WRF,capacity_tyndp2024_pemmdb_nt2040,10,2095,10.311830654267816,Austria+Belgium+Czechia+France+Germany+Italy+Luxembourg+Netherlands+Poland+Spain+Switzerland
RCP4.5 / IPSL-WRF,hydro_tyndp2024_pemmdb_nt2040,1,2041,21.31657963104789,Austria+Belgium+Czechia+France+Germany+Italy+Luxembourg+Netherlands+Poland+Spain+Switzerland
RCP4.5 / IPSL-WRF,hydro_tyndp2024_pemmdb_nt2040,2,2043,17.213718898132598,Austria+Belgium+Czechia+France+Germany+Italy+Luxembourg+Netherlands+Poland+Spain+Switzerland
RCP4.5 / IPSL-WRF,hydro_tyndp2024_pemmdb_nt2040,3,2070,14.943566912387064,Austria+Belgium+Czechia+France+Germany+Italy+Luxembourg+Netherlands+Poland+Spain+Switzerland
RCP4.5 / IPSL-WRF,hydro_tyndp2024_pemmdb_nt2040,4,2079,14.445294660875293,Austria+Belgium+Czechia+France+Germany+Italy+Luxembourg+Netherlands+Poland+Spain+Switzerland
RCP4.5 / IPSL-WRF,hydro_tyndp2024_pemmdb_nt2040,5,2086,13.650245719967838,Austria+Belgium+Czechia+France+Germany+Italy+Luxembourg+Netherlands+Poland+Spain+Switzerland
RCP4.5 / IPSL-WRF,hydro_tyndp2024_pemmdb_nt2040,6,2039,13.58306801901018,Austria+Belgium+Czechia+France+Germany+Italy+Luxembourg+Netherlands+Poland+Spain+Switzerland
RCP4.5 / IPSL-WRF,hydro_tyndp2024_pemmdb_nt2040,7,2065,12.047147152544136,Austria+Belgium+Czechia+France+Germany+Italy+Luxembourg+Netherlands+Poland+Spain+Switzerland
RCP4.5 / IPSL-WRF,hydro_tyndp2024_pemmdb_nt2040,8,2095,10.337307458912832,Austria+Belgium+Czechia+France+Germany+Italy+Luxembourg+Netherlands+Poland+Spain+Switzerland
RCP4.5 / IPSL-WRF,hydro_tyndp2024_pemmdb_nt2040,9,2088,10.118408526593814,Austria+Belgium+Czechia+France+Germany+Italy+Luxembourg+Netherlands+Poland+Spain+Switzerland
RCP4.5 / IPSL-WRF,hydro_tyndp2024_pemmdb_nt2040,10,2038,9.866606201805483,Austria+Belgium+Czechia+France+Germany+Italy+Luxembourg+Netherlands+Poland+Spain+Switzerland
RCP4.5 / IPSL-WRF,nuclear_tyndp2024_pemmdb_nt2040,1,2043,18.98826991373987,Czechia+France+Poland
RCP4.5 / IPSL-WRF,nuclear_tyndp2024_pemmdb_nt2040,2,2079,15.082967762907362,Czechia+France+Poland
RCP4.5 / IPSL-WRF,nuclear_tyndp2024_pemmdb_nt2040,3,2070,13.429275226642892,Czechia+France+Poland
RCP4.5 / IPSL-WRF,nuclear_tyndp2024_pemmdb_nt2040,4,2038,11.44284530888702,Czechia+France+Poland
RCP4.5 / IPSL-WRF,nuclear_tyndp2024_pemmdb_nt2040,5,2041,11.151902818615678,Czechia+France+Poland
RCP4.5 / IPSL-WRF,nuclear_tyndp2024_pemmdb_nt2040,6,2040,8.861703784843964,Czechia+France+Poland
RCP4.5 / IPSL-WRF,nuclear_tyndp2024_pemmdb_nt2040,7,2065,8.842307591127783,Czechia+France+Poland
RCP4.5 / IPSL-WRF,nuclear_tyndp2024_pemmdb_nt2040,8,2086,8.572785694985924,Czechia+France+Poland
RCP4.5 / IPSL-WRF,nuclear_tyndp2024_pemmdb_nt2040,9,2095,8.21317182487012,Czechia+France+Poland
RCP4.5 / IPSL-WRF,nuclear_tyndp2024_pemmdb_nt2040,10,2039,8.129737255514435,Czechia+France+Poland
RCP4.5 / IPSL-WRF,pumped_hydro_tyndp2024_pemmdb_nt2040,1,2041,20.193618477510604,Austria+Belgium+Czechia+France+Germany+Italy+Luxembourg+Poland+Spain+Switzerland
RCP4.5 / IPSL-WRF,pumped_hydro_tyndp2024_pemmdb_nt2040,2,2043,16.958985891608762,Austria+Belgium+Czechia+France+Germany+Italy+Luxembourg+Poland+Spain+Switzerland
RCP4.5 / IPSL-WRF,pumped_hydro_tyndp2024_pemmdb_nt2040,3,2039,16.48228714741655,Austria+Belgium+Czechia+France+Germany+Italy+Luxembourg+Poland+Spain+Switzerland
RCP4.5 / IPSL-WRF,pumped_hydro_tyndp2024_pemmdb_nt2040,4,2070,15.875825059072394,Austria+Belgium+Czechia+France+Germany+Italy+Luxembourg+Poland+Spain+Switzerland
RCP4.5 / IPSL-WRF,pumped_hydro_tyndp2024_pemmdb_nt2040,5,2065,13.955661840084698,Austria+Belgium+Czechia+France+Germany+Italy+Luxembourg+Poland+Spain+Switzerland
RCP4.5 / IPSL-WRF,pumped_hydro_tyndp2024_pemmdb_nt2040,6,2086,13.373312280523963,Austria+Belgium+Czechia+France+Germany+Italy+Luxembourg+Poland+Spain+Switzerland
RCP4.5 / IPSL-WRF,pumped_hydro_tyndp2024_pemmdb_nt2040,7,2079,12.257240485490678,Austria+Belgium+Czechia+France+Germany+Italy+Luxembourg+Poland+Spain+Switzerland
RCP4.5 / IPSL-WRF,pumped_hydro_tyndp2024_pemmdb_nt2040,8,2088,11.420989844488991,Austria+Belgium+Czechia+France+Germany+Italy+Luxembourg+Poland+Spain+Switzerland
RCP4.5 / IPSL-WRF,pumped_hydro_tyndp2024_pemmdb_nt2040,9,2095,11.28904504168142,Austria+Belgium+Czechia+France+Germany+Italy+Luxembourg+Poland+Spain+Switzerland
RCP4.5 / IPSL-WRF,pumped_hydro_tyndp2024_pemmdb_nt2040,10,2040,9.952706430102891,Austria+Belgium+Czechia+France+Germany+Italy+Luxembourg+Poland+Spain+Switzerland
RCP4.5 / IPSL-WRF,pv_tyndp2024_pemmdb_nt2040,1,2070,15.425104691569736,Austria+Belgium+Czechia+France+Germany+Italy+Luxembourg+Netherlands+Poland+Spain+Switzerland
RCP4.5 / IPSL-WRF,pv_tyndp2024_pemmdb_nt2040,2,2043,14.808154515971776,Austria+Belgium+Czechia+France+Germany+Italy+Luxembourg+Netherlands+Poland+Spain+Switzerland
RCP4.5 / IPSL-WRF,pv_tyndp2024_pemmdb_nt2040,3,2039,14.595488881726435,Austria+Belgium+Czechia+France+Germany+Italy+Luxembourg+Netherlands+Poland+Spain+Switzerland
RCP4.5 / IPSL-WRF,pv_tyndp2024_pemmdb_nt2040,4,2041,14.27983873520619,Austria+Belgium+Czechia+France+Germany+Italy+Luxembourg+Netherlands+Poland+Spain+Switzerland
RCP4.5 / IPSL-WRF,pv_tyndp2024_pemmdb_nt2040,5,2065,14.129358220471175,Austria+Belgium+Czechia+France+Germany+Italy+Luxembourg+Netherlands+Poland+Spain+Switzerland
RCP4.5 / IPSL-WRF,pv_tyndp2024_pemmdb_nt2040,6,2040,11.86016975834493,Austria+Belgium+Czechia+France+Germany+Italy+Luxembourg+Netherlands+Poland+Spain+Switzerland
RCP4.5 / IPSL-WRF,pv_tyndp2024_pemmdb_nt2040,7,2088,10.615509389048055,Austria+Belgium+Czechia+France+Germany+Italy+Luxembourg+Netherlands+Poland+Spain+Switzerland
RCP4.5 / IPSL-WRF,pv_tyndp2024_pemmdb_nt2040,8,2086,10.450391897972615,Austria+Belgium+Czechia+France+Germany+Italy+Luxembourg+Netherlands+Poland+Spain+Switzerland
RCP4.5 / IPSL-WRF,pv_tyndp2024_pemmdb_nt2040,9,2095,10.180511665275096,Austria+Belgium+Czechia+France+Germany+Italy+Luxembourg+Netherlands+Poland+Spain+Switzerland
RCP4.5 / IPSL-WRF,pv_tyndp2024_pemmdb_nt2040,10,2098,10.07070647654912,Austria+Belgium+Czechia+France+Germany+Italy+Luxembourg+Netherlands+Poland+Spain+Switzerland
RCP4.5 / IPSL-WRF,renewables_tyndp2024_pemmdb_nt2040,1,2070,15.261489743489296,Austria+Belgium+Czechia+France+Germany+Italy+Luxembourg+Netherlands+Poland+Spain+Switzerland
RCP4.5 / IPSL-WRF,renewables_tyndp2024_pemmdb_nt2040,2,2043,14.823749131507824,Austria+Belgium+Czechia+France+Germany+Italy+Luxembourg+Netherlands+Poland+Spain+Switzerland
RCP4.5 / IPSL-WRF,renewables_tyndp2024_pemmdb_nt2040,3,2039,14.19855970715108,Austria+Belgium+Czechia+France+Germany+Italy+Luxembourg+Netherlands+Poland+Spain+Switzerland
RCP4.5 / IPSL-WRF,renewables_tyndp2024_pemmdb_nt2040,4,2041,13.923253171796164,Austria+Belgium+Czechia+France+Germany+Italy+Luxembourg+Netherlands+Poland+Spain+Switzerland
RCP4.5 / IPSL-WRF,renewables_tyndp2024_pemmdb_nt2040,5,2065,13.800051141682076,Austria+Belgium+Czechia+France+Germany+Italy+Luxembourg+Netherlands+Poland+Spain+Switzerland
RCP4.5 / IPSL-WRF,renewables_tyndp2024_pemmdb_nt2040,6,2040,11.635680922817276,Austria+Belgium+Czechia+France+Germany+Italy+Luxembourg+Netherlands+Poland+Spain+Switzerland
RCP4.5 / IPSL-WRF,renewables_tyndp2024_pemmdb_nt2040,7,2088,10.379863241626724,Austria+Belgium+Czechia+France+Germany+Italy+Luxembourg+Netherlands+Poland+Spain+Switzerland
RCP4.5 / IPSL-WRF,renewables_tyndp2024_pemmdb_nt2040,8,2086,10.256397356348153,Austria+Belgium+Czechia+France+Germany+Italy+Luxembourg+Netherlands+Poland+Spain+Switzerland
RCP4.5 / IPSL-WRF,renewables_tyndp2024_pemmdb_nt2040,9,2095,10.209489080127826,Austria+Belgium+Czechia+France+Germany+Italy+Luxembourg+Netherlands+Poland+Spain+Switzerland
RCP4.5 / IPSL-WRF,renewables_tyndp2024_pemmdb_nt2040,10,2079,10.16984851129793,Austria+Belgium+Czechia+France+Germany+Italy+Luxembourg+Netherlands+Poland+Spain+Switzerland
RCP4.5 / IPSL-WRF,solar_tyndp2024_pemmdb_nt2040,1,2070,15.33762987060048,Austria+Belgium+Czechia+France+Germany+Italy+Luxembourg+Netherlands+Poland+Spain+Switzerland
RCP4.5 / IPSL-WRF,solar_tyndp2024_pemmdb_nt2040,2,2043,14.735555121777551,Austria+Belgium+Czechia+France+Germany+Italy+Luxembourg+Netherlands+Poland+Spain+Switzerland
RCP4.5 / IPSL-WRF,solar_tyndp2024_pemmdb_nt2040,3,2039,14.488285375763873,Austria+Belgium+Czechia+France+Germany+Italy+Luxembourg+Netherlands+Poland+Spain+Switzerland
RCP4.5 / IPSL-WRF,solar_tyndp2024_pemmdb_nt2040,4,2041,14.218102656227703,Austria+Belgium+Czechia+France+Germany+Italy+Luxembourg+Netherlands+Poland+Spain+Switzerland
RCP4.5 / IPSL-WRF,solar_tyndp2024_pemmdb_nt2040,5,2065,14.04714783216794,Austria+Belgium+Czechia+France+Germany+Italy+Luxembourg+Netherlands+Poland+Spain+Switzerland
RCP4.5 / IPSL-WRF,solar_tyndp2024_pemmdb_nt2040,6,2040,11.771833683169431,Austria+Belgium+Czechia+France+Germany+Italy+Luxembourg+Netherlands+Poland+Spain+Switzerland
RCP4.5 / IPSL-WRF,solar_tyndp2024_pemmdb_nt2040,7,2088,10.586156793413275,Austria+Belgium+Czechia+France+Germany+Italy+Luxembourg+Netherlands+Poland+Spain+Switzerland
RCP4.5 / IPSL-WRF,solar_tyndp2024_pemmdb_nt2040,8,2086,10.400351589939383,Austria+Belgium+Czechia+France+Germany+Italy+Luxembourg+Netherlands+Poland+Spain+Switzerland
RCP4.5 / IPSL-WRF,solar_tyndp2024_pemmdb_nt2040,9,2095,10.207279467812985,Austria+Belgium+Czechia+France+Germany+Italy+Luxembourg+Netherlands+Poland+Spain+Switzerland
RCP4.5 / IPSL-WRF,solar_tyndp2024_pemmdb_nt2040,10,2079,10.038773065355198,Austria+Belgium+Czechia+France+Germany+Italy+Luxembourg+Netherlands+Poland+Spain+Switzerland
RCP4.5 / IPSL-WRF,storage_total_tyndp2024_pemmdb_nt2040,1,2070,16.255888429615062,Austria+Belgium+Czechia+France+Germany+Italy+Luxembourg+Netherlands+Poland+Spain+Switzerland
RCP4.5 / IPSL-WRF,storage_total_tyndp2024_pemmdb_nt2040,2,2039,16.019463936593482,Austria+Belgium+Czechia+France+Germany+Italy+Luxembourg+Netherlands+Poland+Spain+Switzerland
RCP4.5 / IPSL-WRF,storage_total_tyndp2024_pemmdb_nt2040,3,2041,15.661797458357942,Austria+Belgium+Czechia+France+Germany+Italy+Luxembourg+Netherlands+Poland+Spain+Switzerland
RCP4.5 / IPSL-WRF,storage_total_tyndp2024_pemmdb_nt2040,4,2043,15.282231253031629,Austria+Belgium+Czechia+France+Germany+Italy+Luxembourg+Netherlands+Poland+Spain+Switzerland
RCP4.5 / IPSL-WRF,storage_total_tyndp2024_pemmdb_nt2040,5,2065,15.21833698156755,Austria+Belgium+Czechia+France+Germany+Italy+Luxembourg+Netherlands+Poland+Spain+Switzerland
RCP4.5 / IPSL-WRF,storage_total_tyndp2024_pemmdb_nt2040,6,2040,12.455371415905756,Austria+Belgium+Czechia+France+Germany+Italy+Luxembourg+Netherlands+Poland+Spain+Switzerland
RCP4.5 / IPSL-WRF,storage_total_tyndp2024_pemmdb_nt2040,7,2088,11.251537799906515,Austria+Belgium+Czechia+France+Germany+Italy+Luxembourg+Netherlands+Poland+Spain+Switzerland
RCP4.5 / IPSL-WRF,storage_total_tyndp2024_pemmdb_nt2040,8,2086,11.053954798277504,Austria+Belgium+Czechia+France+Germany+Italy+Luxembourg+Netherlands+Poland+Spain+Switzerland
RCP4.5 / IPSL-WRF,storage_total_tyndp2024_pemmdb_nt2040,9,2098,10.507207261055107,Austria+Belgium+Czechia+France+Germany+Italy+Luxembourg+Netherlands+Poland+Spain+Switzerland
RCP4.5 / IPSL-WRF,storage_total_tyndp2024_pemmdb_nt2040,10,2095,9.684269070969554,Austria+Belgium+Czechia+France+Germany+Italy+Luxembourg+Netherlands+Poland+Spain+Switzerland
RCP4.5 / IPSL-WRF,storage_tyndp2024_pemmdb_nt2040,1,2070,16.36283951693462,Austria+Belgium+Czechia+France+Germany+Italy+Luxembourg+Netherlands+Spain+Switzerland
RCP4.5 / IPSL-WRF,storage_tyndp2024_pemmdb_nt2040,2,2039,15.889223956972248,Austria+Belgium+Czechia+France+Germany+Italy+Luxembourg+Netherlands+Spain+Switzerland
RCP4.5 / IPSL-WRF,storage_tyndp2024_pemmdb_nt2040,3,2065,15.573657935334174,Austria+Belgium+Czechia+France+Germany+Italy+Luxembourg+Netherlands+Spain+Switzerland
RCP4.5 / IPSL-WRF,storage_tyndp2024_pemmdb_nt2040,4,2043,14.81038696162333,Austria+Belgium+Czechia+France+Germany+Italy+Luxembourg+Netherlands+Spain+Switzerland
RCP4.5 / IPSL-WRF,storage_tyndp2024_pemmdb_nt2040,5,2041,14.386528060930903,Austria+Belgium+Czechia+France+Germany+Italy+Luxembourg+Netherlands+Spain+Switzerland
RCP4.5 / IPSL-WRF,storage_tyndp2024_pemmdb_nt2040,6,2040,13.159629605917672,Austria+Belgium+Czechia+France+Germany+Italy+Luxembourg+Netherlands+Spain+Switzerland
RCP4.5 / IPSL-WRF,storage_tyndp2024_pemmdb_nt2040,7,2088,11.203853435084008,Austria+Belgium+Czechia+France+Germany+Italy+Luxembourg+Netherlands+Spain+Switzerland
RCP4.5 / IPSL-WRF,storage_tyndp2024_pemmdb_nt2040,8,2098,10.910890848650002,Austria+Belgium+Czechia+France+Germany+Italy+Luxembourg+Netherlands+Spain+Switzerland
RCP4.5 / IPSL-WRF,storage_tyndp2024_pemmdb_nt2040,9,2086,10.401279944989666,Austria+Belgium+Czechia+France+Germany+Italy+Luxembourg+Netherlands+Spain+Switzerland
RCP4.5 / IPSL-WRF,storage_tyndp2024_pemmdb_nt2040,10,2095,9.232679814349302,Austria+Belgium+Czechia+France+Germany+Italy+Luxembourg+Netherlands+Spain+Switzerland
RCP4.5 / IPSL-WRF,thermal_nuclear_tyndp2024_pemmdb_nt2040,1,2043,16.002963817038545,Austria+Belgium+Czechia+France+Germany+Italy+Luxembourg+Netherlands+Poland+Spain+Switzerland
RCP4.5 / IPSL-WRF,thermal_nuclear_tyndp2024_pemmdb_nt2040,2,2041,15.426325297835156,Austria+Belgium+Czechia+France+Germany+Italy+Luxembourg+Netherlands+Poland+Spain+Switzerland
RCP4.5 / IPSL-WRF,thermal_nuclear_tyndp2024_pemmdb_nt2040,3,2070,15.285772211359086,Austria+Belgium+Czechia+France+Germany+Italy+Luxembourg+Netherlands+Poland+Spain+Switzerland
RCP4.5 / IPSL-WRF,thermal_nuclear_tyndp2024_pemmdb_nt2040,4,2039,12.884795390736947,Austria+Belgium+Czechia+France+Germany+Italy+Luxembourg+Netherlands+Poland+Spain+Switzerland
RCP4.5 / IPSL-WRF,thermal_nuclear_tyndp2024_pemmdb_nt2040,5,2065,12.668429854399738,Austria+Belgium+Czechia+France+Germany+Italy+Luxembourg+Netherlands+Poland+Spain+Switzerland
RCP4.5 / IPSL-WRF,thermal_nuclear_tyndp2024_pemmdb_nt2040,6,2079,12.545175794905695,Austria+Belgium+Czechia+France+Germany+Italy+Luxembourg+Netherlands+Poland+Spain+Switzerland
RCP4.5 / IPSL-WRF,thermal_nuclear_tyndp2024_pemmdb_nt2040,7,2086,11.878780224043943,Austria+Belgium+Czechia+France+Germany+Italy+Luxembourg+Netherlands+Poland+Spain+Switzerland
RCP4.5 / IPSL-WRF,thermal_nuclear_tyndp2024_pemmdb_nt2040,8,2095,11.567313653658076,Austria+Belgium+Czechia+France+Germany+Italy+Luxembourg+Netherlands+Poland+Spain+Switzerland
RCP4.5 / IPSL-WRF,thermal_nuclear_tyndp2024_pemmdb_nt2040,9,2040,11.074602610065565,Austria+Belgium+Czechia+France+Germany+Italy+Luxembourg+Netherlands+Poland+Spain+Switzerland
RCP4.5 / IPSL-WRF,thermal_nuclear_tyndp2024_pemmdb_nt2040,10,2088,9.401460231489322,Austria+Belgium+Czechia+France+Germany+Italy+Luxembourg+Netherlands+Poland+Spain+Switzerland
RCP4.5 / IPSL-WRF,thermal_tyndp2024_pemmdb_nt2040,1,2041,17.145122526541208,Austria+Belgium+Czechia+France+Germany+Italy+Luxembourg+Netherlands+Poland+Spain+Switzerland
RCP4.5 / IPSL-WRF,thermal_tyndp2024_pemmdb_nt2040,2,2070,16.032292212118076,Austria+Belgium+Czechia+France+Germany+Italy+Luxembourg+Netherlands+Poland+Spain+Switzerland
RCP4.5 / IPSL-WRF,thermal_tyndp2024_pemmdb_nt2040,3,2043,14.802535953205442,Austria+Belgium+Czechia+France+Germany+Italy+Luxembourg+Netherlands+Poland+Spain+Switzerland
RCP4.5 / IPSL-WRF,thermal_tyndp2024_pemmdb_nt2040,4,2039,14.79686205819677,Austria+Belgium+Czechia+France+Germany+Italy+Luxembourg+Netherlands+Poland+Spain+Switzerland
RCP4.5 / IPSL-WRF,thermal_tyndp2024_pemmdb_nt2040,5,2065,14.206960117791835,Austria+Belgium+Czechia+France+Germany+Italy+Luxembourg+Netherlands+Poland+Spain+Switzerland
RCP4.5 / IPSL-WRF,thermal_tyndp2024_pemmdb_nt2040,6,2086,13.208160804060942,Austria+Belgium+Czechia+France+Germany+Italy+Luxembourg+Netherlands+Poland+Spain+Switzerland
RCP4.5 / IPSL-WRF,thermal_tyndp2024_pemmdb_nt2040,7,2095,12.916054848061613,Austria+Belgium+Czechia+France+Germany+Italy+Luxembourg+Netherlands+Poland+Spain+Switzerland
RCP4.5 / IPSL-WRF,thermal_tyndp2024_pemmdb_nt2040,8,2040,11.964436122473154,Austria+Belgium+Czechia+France+Germany+Italy+Luxembourg+Netherlands+Poland+Spain+Switzerland
RCP4.5 / IPSL-WRF,thermal_tyndp2024_pemmdb_nt2040,9,2079,11.524698801150487,Austria+Belgium+Czechia+France+Germany+Italy+Luxembourg+Netherlands+Poland+Spain+Switzerland
RCP4.5 / IPSL-WRF,thermal_tyndp2024_pemmdb_nt2040,10,2088,10.860325873762632,Austria+Belgium+Czechia+France+Germany+Italy+Luxembourg+Netherlands+Poland+Spain+Switzerland
RCP4.5 / IPSL-WRF,wind_offshore_tyndp2024_pemmdb_nt2040,1,2070,15.388581500293908,Belgium+France+Germany+Italy+Netherlands+Poland+Spain
RCP4.5 / IPSL-WRF,wind_offshore_tyndp2024_pemmdb_nt2040,2,2043,14.624819329050318,Belgium+France+Germany+Italy+Netherlands+Poland+Spain
RCP4.5 / IPSL-WRF,wind_offshore_tyndp2024_pemmdb_nt2040,3,2065,13.595658233729868,Belgium+France+Germany+Italy+Netherlands+Poland+Spain
RCP4.5 / IPSL-WRF,wind_offshore_tyndp2024_pemmdb_nt2040,4,2040,13.005312464148313,Belgium+France+Germany+Italy+Netherlands+Poland+Spain
RCP4.5 / IPSL-WRF,wind_offshore_tyndp2024_pemmdb_nt2040,5,2039,12.815668603636164,Belgium+France+Germany+Italy+Netherlands+Poland+Spain
RCP4.5 / IPSL-WRF,wind_offshore_tyndp2024_pemmdb_nt2040,6,2041,11.221102640331376,Belgium+France+Germany+Italy+Netherlands+Poland+Spain
RCP4.5 / IPSL-WRF,wind_offshore_tyndp2024_pemmdb_nt2040,7,2098,10.411065884369794,Belgium+France+Germany+Italy+Netherlands+Poland+Spain
RCP4.5 / IPSL-WRF,wind_offshore_tyndp2024_pemmdb_nt2040,8,2088,9.558641706067906,Belgium+France+Germany+Italy+Netherlands+Poland+Spain
RCP4.5 / IPSL-WRF,wind_offshore_tyndp2024_pemmdb_nt2040,9,2086,9.55189744703318,Belgium+France+Germany+Italy+Netherlands+Poland+Spain
RCP4.5 / IPSL-WRF,wind_offshore_tyndp2024_pemmdb_nt2040,10,2095,9.44521377535631,Belgium+France+Germany+Italy+Netherlands+Poland+Spain
RCP4.5 / IPSL-WRF,wind_onshore_tyndp2024_pemmdb_nt2040,1,2070,14.991077735471922,Austria+Belgium+Czechia+France+Germany+Italy+Luxembourg+Netherlands+Poland+Spain+Switzerland
RCP4.5 / IPSL-WRF,wind_onshore_tyndp2024_pemmdb_nt2040,2,2043,14.517116410413804,Austria+Belgium+Czechia+France+Germany+Italy+Luxembourg+Netherlands+Poland+Spain+Switzerland
RCP4.5 / IPSL-WRF,wind_onshore_tyndp2024_pemmdb_nt2040,3,2039,14.191514920629505,Austria+Belgium+Czechia+France+Germany+Italy+Luxembourg+Netherlands+Poland+Spain+Switzerland
RCP4.5 / IPSL-WRF,wind_onshore_tyndp2024_pemmdb_nt2040,4,2065,13.615921398247306,Austria+Belgium+Czechia+France+Germany+Italy+Luxembourg+Netherlands+Poland+Spain+Switzerland
RCP4.5 / IPSL-WRF,wind_onshore_tyndp2024_pemmdb_nt2040,5,2041,12.588706694468222,Austria+Belgium+Czechia+France+Germany+Italy+Luxembourg+Netherlands+Poland+Spain+Switzerland
RCP4.5 / IPSL-WRF,wind_onshore_tyndp2024_pemmdb_nt2040,6,2040,11.563307564412424,Austria+Belgium+Czechia+France+Germany+Italy+Luxembourg+Netherlands+Poland+Spain+Switzerland
RCP4.5 / IPSL-WRF,wind_onshore_tyndp2024_pemmdb_nt2040,7,2095,10.486002352045665,Austria+Belgium+Czechia+France+Germany+Italy+Luxembourg+Netherlands+Poland+Spain+Switzerland
RCP4.5 / IPSL-WRF,wind_onshore_tyndp2024_pemmdb_nt2040,8,2088,10.29036199746632,Austria+Belgium+Czechia+France+Germany+Italy+Luxembourg+Netherlands+Poland+Spain+Switzerland
RCP4.5 / IPSL-WRF,wind_onshore_tyndp2024_pemmdb_nt2040,9,2079,9.932297126163885,Austria+Belgium+Czechia+France+Germany+Italy+Luxembourg+Netherlands+Poland+Spain+Switzerland
RCP4.5 / IPSL-WRF,wind_onshore_tyndp2024_pemmdb_nt2040,10,2098,9.771669768229788,Austria+Belgium+Czechia+France+Germany+Italy+Luxembourg+Netherlands+Poland+Spain+Switzerland
RCP4.5 / IPSL-WRF,wind_tyndp2024_pemmdb_nt2040,1,2070,15.124953842183078,Austria+Belgium+Czechia+France+Germany+Italy+Luxembourg+Netherlands+Poland+Spain+Switzerland
RCP4.5 / IPSL-WRF,wind_tyndp2024_pemmdb_nt2040,2,2043,14.553389896867298,Austria+Belgium+Czechia+France+Germany+Italy+Luxembourg+Netherlands+Poland+Spain+Switzerland
RCP4.5 / IPSL-WRF,wind_tyndp2024_pemmdb_nt2040,3,2039,13.72814082294154,Austria+Belgium+Czechia+France+Germany+Italy+Luxembourg+Netherlands+Poland+Spain+Switzerland
RCP4.5 / IPSL-WRF,wind_tyndp2024_pemmdb_nt2040,4,2065,13.60909692558739,Austria+Belgium+Czechia+France+Germany+Italy+Luxembourg+Netherlands+Poland+Spain+Switzerland
RCP4.5 / IPSL-WRF,wind_tyndp2024_pemmdb_nt2040,5,2041,12.128108525361004,Austria+Belgium+Czechia+France+Germany+Italy+Luxembourg+Netherlands+Poland+Spain+Switzerland
RCP4.5 / IPSL-WRF,wind_tyndp2024_pemmdb_nt2040,6,2040,12.048963346619969,Austria+Belgium+Czechia+France+Germany+Italy+Luxembourg+Netherlands+Poland+Spain+Switzerland
RCP4.5 / IPSL-WRF,wind_tyndp2024_pemmdb_nt2040,7,2095,10.13547303663395,Austria+Belgium+Czechia+France+Germany+Italy+Luxembourg+Netherlands+Poland+Spain+Switzerland
RCP4.5 / IPSL-WRF,wind_tyndp2024_pemmdb_nt2040,8,2088,10.043924422572267,Austria+Belgium+Czechia+France+Germany+Italy+Luxembourg+Netherlands+Poland+Spain+Switzerland
RCP4.5 / IPSL-WRF,wind_tyndp2024_pemmdb_nt2040,9,2098,9.987013295135506,Austria+Belgium+Czechia+France+Germany+Italy+Luxembourg+Netherlands+Poland+Spain+Switzerland
RCP4.5 / IPSL-WRF,wind_tyndp2024_pemmdb_nt2040,10,2079,9.681113310918978,Austria+Belgium+Czechia+France+Germany+Italy+Luxembourg+Netherlands+Poland+Spain+Switzerland
RCP8.5 / MPI-CLM,bio_tyndp2024_pemmdb_nt2040,1,2090,33.555272333352775,Austria+Belgium+Czechia+France+Germany+Italy+Luxembourg+Netherlands+Poland
RCP8.5 / MPI-CLM,bio_tyndp2024_pemmdb_nt2040,2,2092,32.21147667593034,Austria+Belgium+Czechia+France+Germany+Italy+Luxembourg+Netherlands+Poland
RCP8.5 / MPI-CLM,bio_tyndp2024_pemmdb_nt2040,3,2082,26.429307190898413,Austria+Belgium+Czechia+France+Germany+Italy+Luxembourg+Netherlands+Poland
RCP8.5 / MPI-CLM,bio_tyndp2024_pemmdb_nt2040,4,2096,21.462282625611216,Austria+Belgium+Czechia+France+Germany+Italy+Luxembourg+Netherlands+Poland
RCP8.5 / MPI-CLM,bio_tyndp2024_pemmdb_nt2040,5,2098,19.511590349115462,Austria+Belgium+Czechia+France+Germany+Italy+Luxembourg+Netherlands+Poland
RCP8.5 / MPI-CLM,bio_tyndp2024_pemmdb_nt2040,6,2085,19.470188409456146,Austria+Belgium+Czechia+France+Germany+Italy+Luxembourg+Netherlands+Poland
RCP8.5 / MPI-CLM,bio_tyndp2024_pemmdb_nt2040,7,2072,18.59653598648465,Austria+Belgium+Czechia+France+Germany+Italy+Luxembourg+Netherlands+Poland
RCP8.5 / MPI-CLM,bio_tyndp2024_pemmdb_nt2040,8,2086,18.51710665784509,Austria+Belgium+Czechia+France+Germany+Italy+Luxembourg+Netherlands+Poland
RCP8.5 / MPI-CLM,bio_tyndp2024_pemmdb_nt2040,9,2095,17.90429184579864,Austria+Belgium+Czechia+France+Germany+Italy+Luxembourg+Netherlands+Poland
RCP8.5 / MPI-CLM,bio_tyndp2024_pemmdb_nt2040,10,2094,17.834038864033694,Austria+Belgium+Czechia+France+Germany+Italy+Luxembourg+Netherlands+Poland
RCP8.5 / MPI-CLM,capacity_tyndp2024_pemmdb_nt2040,1,2092,33.88660368983664,Austria+Belgium+Czechia+France+Germany+Italy+Luxembourg+Netherlands+Poland+Spain+Switzerland
RCP8.5 / MPI-CLM,capacity_tyndp2024_pemmdb_nt2040,2,2098,28.96687001429625,Austria+Belgium+Czechia+France+Germany+Italy+Luxembourg+Netherlands+Poland+Spain+Switzerland
RCP8.5 / MPI-CLM,capacity_tyndp2024_pemmdb_nt2040,3,2090,28.52472539188945,Austria+Belgium+Czechia+France+Germany+Italy+Luxembourg+Netherlands+Poland+Spain+Switzerland
RCP8.5 / MPI-CLM,capacity_tyndp2024_pemmdb_nt2040,4,2082,26.718137572568278,Austria+Belgium+Czechia+France+Germany+Italy+Luxembourg+Netherlands+Poland+Spain+Switzerland
RCP8.5 / MPI-CLM,capacity_tyndp2024_pemmdb_nt2040,5,2096,25.630072147644064,Austria+Belgium+Czechia+France+Germany+Italy+Luxembourg+Netherlands+Poland+Spain+Switzerland
RCP8.5 / MPI-CLM,capacity_tyndp2024_pemmdb_nt2040,6,2085,22.909917256240316,Austria+Belgium+Czechia+France+Germany+Italy+Luxembourg+Netherlands+Poland+Spain+Switzerland
RCP8.5 / MPI-CLM,capacity_tyndp2024_pemmdb_nt2040,7,2095,20.6564200829213,Austria+Belgium+Czechia+France+Germany+Italy+Luxembourg+Netherlands+Poland+Spain+Switzerland
RCP8.5 / MPI-CLM,capacity_tyndp2024_pemmdb_nt2040,8,2100,20.1193677919103,Austria+Belgium+Czechia+France+Germany+Italy+Luxembourg+Netherlands+Poland+Spain+Switzerland
RCP8.5 / MPI-CLM,capacity_tyndp2024_pemmdb_nt2040,9,2086,19.608591277028335,Austria+Belgium+Czechia+France+Germany+Italy+Luxembourg+Netherlands+Poland+Spain+Switzerland
RCP8.5 / MPI-CLM,capacity_tyndp2024_pemmdb_nt2040,10,2072,19.425011124821243,Austria+Belgium+Czechia+France+Germany+Italy+Luxembourg+Netherlands+Poland+Spain+Switzerland
RCP8.5 / MPI-CLM,hydro_tyndp2024_pemmdb_nt2040,1,2098,43.777666189759884,Austria+Belgium+Czechia+France+Germany+Italy+Luxembourg+Netherlands+Poland+Spain+Switzerland
RCP8.5 / MPI-CLM,hydro_tyndp2024_pemmdb_nt2040,2,2090,39.00834431110926,Austria+Belgium+Czechia+France+Germany+Italy+Luxembourg+Netherlands+Poland+Spain+Switzerland
RCP8.5 / MPI-CLM,hydro_tyndp2024_pemmdb_nt2040,3,2092,38.65791014141167,Austria+Belgium+Czechia+France+Germany+Italy+Luxembourg+Netherlands+Poland+Spain+Switzerland
RCP8.5 / MPI-CLM,hydro_tyndp2024_pemmdb_nt2040,4,2082,34.5700241393447,Austria+Belgium+Czechia+France+Germany+Italy+Luxembourg+Netherlands+Poland+Spain+Switzerland
RCP8.5 / MPI-CLM,hydro_tyndp2024_pemmdb_nt2040,5,2096,33.94982446299874,Austria+Belgium+Czechia+France+Germany+Italy+Luxembourg+Netherlands+Poland+Spain+Switzerland
RCP8.5 / MPI-CLM,hydro_tyndp2024_pemmdb_nt2040,6,2086,33.15506015177092,Austria+Belgium+Czechia+France+Germany+Italy+Luxembourg+Netherlands+Poland+Spain+Switzerland
RCP8.5 / MPI-CLM,hydro_tyndp2024_pemmdb_nt2040,7,2095,32.85858259934201,Austria+Belgium+Czechia+France+Germany+Italy+Luxembourg+Netherlands+Poland+Spain+Switzerland
RCP8.5 / MPI-CLM,hydro_tyndp2024_pemmdb_nt2040,8,2085,31.390715716773727,Austria+Belgium+Czechia+France+Germany+Italy+Luxembourg+Netherlands+Poland+Spain+Switzerland
RCP8.5 / MPI-CLM,hydro_tyndp2024_pemmdb_nt2040,9,2100,28.49958126185528,Austria+Belgium+Czechia+France+Germany+Italy+Luxembourg+Netherlands+Poland+Spain+Switzerland
RCP8.5 / MPI-CLM,hydro_tyndp2024_pemmdb_nt2040,10,2099,27.540447149982594,Austria+Belgium+Czechia+France+Germany+Italy+Luxembourg+Netherlands+Poland+Spain+Switzerland
RCP8.5 / MPI-CLM,nuclear_tyndp2024_pemmdb_nt2040,1,2082,33.84086630602842,Czechia+France+Poland
RCP8.5 / MPI-CLM,nuclear_tyndp2024_pemmdb_nt2040,2,2092,33.456516553481734,Czechia+France+Poland
RCP8.5 / MPI-CLM,nuclear_tyndp2024_pemmdb_nt2040,3,2098,32.53996915782808,Czechia+France+Poland
RCP8.5 / MPI-CLM,nuclear_tyndp2024_pemmdb_nt2040,4,2085,29.523723850876877,Czechia+France+Poland
RCP8.5 / MPI-CLM,nuclear_tyndp2024_pemmdb_nt2040,5,2090,26.068228930341657,Czechia+France+Poland
RCP8.5 / MPI-CLM,nuclear_tyndp2024_pemmdb_nt2040,6,2086,24.562840167885785,Czechia+France+Poland
RCP8.5 / MPI-CLM,nuclear_tyndp2024_pemmdb_nt2040,7,2095,23.369776781042436,Czechia+France+Poland
RCP8.5 / MPI-CLM,nuclear_tyndp2024_pemmdb_nt2040,8,2072,22.451014651262437,Czechia+France+Poland
RCP8.5 / MPI-CLM,nuclear_tyndp2024_pemmdb_nt2040,9,2096,21.908252458444124,Czechia+France+Poland
RCP8.5 / MPI-CLM,nuclear_tyndp2024_pemmdb_nt2040,10,2100,20.591218188038987,Czechia+France+Poland
RCP8.5 / MPI-CLM,pumped_hydro_tyndp2024_pemmdb_nt2040,1,2098,37.72467774011249,Austria+Belgium+Czechia+France+Germany+Italy+Luxembourg+Poland+Spain+Switzerland
RCP8.5 / MPI-CLM,pumped_hydro_tyndp2024_pemmdb_nt2040,2,2092,36.045055093214216,Austria+Belgium+Czechia+France+Germany+Italy+Luxembourg+Poland+Spain+Switzerland
RCP8.5 / MPI-CLM,pumped_hydro_tyndp2024_pemmdb_nt2040,3,2090,33.52066837303463,Austria+Belgium+Czechia+France+Germany+Italy+Luxembourg+Poland+Spain+Switzerland
RCP8.5 / MPI-CLM,pumped_hydro_tyndp2024_pemmdb_nt2040,4,2096,31.615660090610806,Austria+Belgium+Czechia+France+Germany+Italy+Luxembourg+Poland+Spain+Switzerland
RCP8.5 / MPI-CLM,pumped_hydro_tyndp2024_pemmdb_nt2040,5,2082,30.0832523095382,Austria+Belgium+Czechia+France+Germany+Italy+Luxembourg+Poland+Spain+Switzerland
RCP8.5 / MPI-CLM,pumped_hydro_tyndp2024_pemmdb_nt2040,6,2095,27.001021869138683,Austria+Belgium+Czechia+France+Germany+Italy+Luxembourg+Poland+Spain+Switzerland
RCP8.5 / MPI-CLM,pumped_hydro_tyndp2024_pemmdb_nt2040,7,2086,26.695880080115842,Austria+Belgium+Czechia+France+Germany+Italy+Luxembourg+Poland+Spain+Switzerland
RCP8.5 / MPI-CLM,pumped_hydro_tyndp2024_pemmdb_nt2040,8,2085,26.218470324399224,Austria+Belgium+Czechia+France+Germany+Italy+Luxembourg+Poland+Spain+Switzerland
RCP8.5 / MPI-CLM,pumped_hydro_tyndp2024_pemmdb_nt2040,9,2100,24.809644570444824,Austria+Belgium+Czechia+France+Germany+Italy+Luxembourg+Poland+Spain+Switzerland
RCP8.5 / MPI-CLM,pumped_hydro_tyndp2024_pemmdb_nt2040,10,2099,24.33237688253225,Austria+Belgium+Czechia+France+Germany+Italy+Luxembourg+Poland+Spain+Switzerland
RCP8.5 / MPI-CLM,pv_tyndp2024_pemmdb_nt2040,1,2092,33.864573568743204,Austria+Belgium+Czechia+France+Germany+Italy+Luxembourg+Netherlands+Poland+Spain+Switzerland
RCP8.5 / MPI-CLM,pv_tyndp2024_pemmdb_nt2040,2,2098,28.430962667013446,Austria+Belgium+Czechia+France+Germany+Italy+Luxembourg+Netherlands+Poland+Spain+Switzerland
RCP8.5 / MPI-CLM,pv_tyndp2024_pemmdb_nt2040,3,2090,28.04370666617748,Austria+Belgium+Czechia+France+Germany+Italy+Luxembourg+Netherlands+Poland+Spain+Switzerland
RCP8.5 / MPI-CLM,pv_tyndp2024_pemmdb_nt2040,4,2082,26.147797331321076,Austria+Belgium+Czechia+France+Germany+Italy+Luxembourg+Netherlands+Poland+Spain+Switzerland
RCP8.5 / MPI-CLM,pv_tyndp2024_pemmdb_nt2040,5,2096,25.610281359708214,Austria+Belgium+Czechia+France+Germany+Italy+Luxembourg+Netherlands+Poland+Spain+Switzerland
RCP8.5 / MPI-CLM,pv_tyndp2024_pemmdb_nt2040,6,2085,22.371062248178106,Austria+Belgium+Czechia+France+Germany+Italy+Luxembourg+Netherlands+Poland+Spain+Switzerland
RCP8.5 / MPI-CLM,pv_tyndp2024_pemmdb_nt2040,7,2095,20.074100232190602,Austria+Belgium+Czechia+France+Germany+Italy+Luxembourg+Netherlands+Poland+Spain+Switzerland
RCP8.5 / MPI-CLM,pv_tyndp2024_pemmdb_nt2040,8,2100,19.95173634545771,Austria+Belgium+Czechia+France+Germany+Italy+Luxembourg+Netherlands+Poland+Spain+Switzerland
RCP8.5 / MPI-CLM,pv_tyndp2024_pemmdb_nt2040,9,2072,19.28215120699292,Austria+Belgium+Czechia+France+Germany+Italy+Luxembourg+Netherlands+Poland+Spain+Switzerland
RCP8.5 / MPI-CLM,pv_tyndp2024_pemmdb_nt2040,10,2086,18.860281717834365,Austria+Belgium+Czechia+France+Germany+Italy+Luxembourg+Netherlands+Poland+Spain+Switzerland
RCP8.5 / MPI-CLM,renewables_tyndp2024_pemmdb_nt2040,1,2092,33.88630291996088,Austria+Belgium+Czechia+France+Germany+Italy+Luxembourg+Netherlands+Poland+Spain+Switzerland
RCP8.5 / MPI-CLM,renewables_tyndp2024_pemmdb_nt2040,2,2098,29.332134090542446,Austria+Belgium+Czechia+France+Germany+Italy+Luxembourg+Netherlands+Poland+Spain+Switzerland
RCP8.5 / MPI-CLM,renewables_tyndp2024_pemmdb_nt2040,3,2090,27.70621850521493,Austria+Belgium+Czechia+France+Germany+Italy+Luxembourg+Netherlands+Poland+Spain+Switzerland
RCP8.5 / MPI-CLM,renewables_tyndp2024_pemmdb_nt2040,4,2082,26.437037027929172,Austria+Belgium+Czechia+France+Germany+Italy+Luxembourg+Netherlands+Poland+Spain+Switzerland
RCP8.5 / MPI-CLM,renewables_tyndp2024_pemmdb_nt2040,5,2096,25.846809814841603,Austria+Belgium+Czechia+France+Germany+Italy+Luxembourg+Netherlands+Poland+Spain+Switzerland
RCP8.5 / MPI-CLM,renewables_tyndp2024_pemmdb_nt2040,6,2085,22.8338582283832,Austria+Belgium+Czechia+France+Germany+Italy+Luxembourg+Netherlands+Poland+Spain+Switzerland
RCP8.5 / MPI-CLM,renewables_tyndp2024_pemmdb_nt2040,7,2095,20.460725484109275,Austria+Belgium+Czechia+France+Germany+Italy+Luxembourg+Netherlands+Poland+Spain+Switzerland
RCP8.5 / MPI-CLM,renewables_tyndp2024_pemmdb_nt2040,8,2100,20.35680810188396,Austria+Belgium+Czechia+France+Germany+Italy+Luxembourg+Netherlands+Poland+Spain+Switzerland
RCP8.5 / MPI-CLM,renewables_tyndp2024_pemmdb_nt2040,9,2072,19.38441900275765,Austria+Belgium+Czechia+France+Germany+Italy+Luxembourg+Netherlands+Poland+Spain+Switzerland
RCP8.5 / MPI-CLM,renewables_tyndp2024_pemmdb_nt2040,10,2086,19.267686424061107,Austria+Belgium+Czechia+France+Germany+Italy+Luxembourg+Netherlands+Poland+Spain+Switzerland
RCP8.5 / MPI-CLM,solar_tyndp2024_pemmdb_nt2040,1,2092,33.97380285513352,Austria+Belgium+Czechia+France+Germany+Italy+Luxembourg+Netherlands+Poland+Spain+Switzerland
RCP8.5 / MPI-CLM,solar_tyndp2024_pemmdb_nt2040,2,2098,29.129471082897588,Austria+Belgium+Czechia+France+Germany+Italy+Luxembourg+Netherlands+Poland+Spain+Switzerland
RCP8.5 / MPI-CLM,solar_tyndp2024_pemmdb_nt2040,3,2090,28.149613861750392,Austria+Belgium+Czechia+France+Germany+Italy+Luxembourg+Netherlands+Poland+Spain+Switzerland
RCP8.5 / MPI-CLM,solar_tyndp2024_pemmdb_nt2040,4,2082,26.236131300722576,Austria+Belgium+Czechia+France+Germany+Italy+Luxembourg+Netherlands+Poland+Spain+Switzerland
RCP8.5 / MPI-CLM,solar_tyndp2024_pemmdb_nt2040,5,2096,26.005657814708435,Austria+Belgium+Czechia+France+Germany+Italy+Luxembourg+Netherlands+Poland+Spain+Switzerland
RCP8.5 / MPI-CLM,solar_tyndp2024_pemmdb_nt2040,6,2085,22.63205738497947,Austria+Belgium+Czechia+France+Germany+Italy+Luxembourg+Netherlands+Poland+Spain+Switzerland
RCP8.5 / MPI-CLM,solar_tyndp2024_pemmdb_nt2040,7,2095,20.451459580193255,Austria+Belgium+Czechia+France+Germany+Italy+Luxembourg+Netherlands+Poland+Spain+Switzerland
RCP8.5 / MPI-CLM,solar_tyndp2024_pemmdb_nt2040,8,2100,20.330232211748086,Austria+Belgium+Czechia+France+Germany+Italy+Luxembourg+Netherlands+Poland+Spain+Switzerland
RCP8.5 / MPI-CLM,solar_tyndp2024_pemmdb_nt2040,9,2072,19.281629836726523,Austria+Belgium+Czechia+France+Germany+Italy+Luxembourg+Netherlands+Poland+Spain+Switzerland
RCP8.5 / MPI-CLM,solar_tyndp2024_pemmdb_nt2040,10,2086,19.16110383887185,Austria+Belgium+Czechia+France+Germany+Italy+Luxembourg+Netherlands+Poland+Spain+Switzerland
RCP8.5 / MPI-CLM,storage_total_tyndp2024_pemmdb_nt2040,1,2092,33.511020910556184,Austria+Belgium+Czechia+France+Germany+Italy+Luxembourg+Netherlands+Poland+Spain+Switzerland
RCP8.5 / MPI-CLM,storage_total_tyndp2024_pemmdb_nt2040,2,2090,28.05796085824823,Austria+Belgium+Czechia+France+Germany+Italy+Luxembourg+Netherlands+Poland+Spain+Switzerland
RCP8.5 / MPI-CLM,storage_total_tyndp2024_pemmdb_nt2040,3,2082,25.498357236395027,Austria+Belgium+Czechia+France+Germany+Italy+Luxembourg+Netherlands+Poland+Spain+Switzerland
RCP8.5 / MPI-CLM,storage_total_tyndp2024_pemmdb_nt2040,4,2098,23.27000114799091,Austria+Belgium+Czechia+France+Germany+Italy+Luxembourg+Netherlands+Poland+Spain+Switzerland
RCP8.5 / MPI-CLM,storage_total_tyndp2024_pemmdb_nt2040,5,2096,23.196729663079235,Austria+Belgium+Czechia+France+Germany+Italy+Luxembourg+Netherlands+Poland+Spain+Switzerland
RCP8.5 / MPI-CLM,storage_total_tyndp2024_pemmdb_nt2040,6,2085,20.348592434026113,Austria+Belgium+Czechia+France+Germany+Italy+Luxembourg+Netherlands+Poland+Spain+Switzerland
RCP8.5 / MPI-CLM,storage_total_tyndp2024_pemmdb_nt2040,7,2072,19.45750101003917,Austria+Belgium+Czechia+France+Germany+Italy+Luxembourg+Netherlands+Poland+Spain+Switzerland
RCP8.5 / MPI-CLM,storage_total_tyndp2024_pemmdb_nt2040,8,2094,17.624042133770438,Austria+Belgium+Czechia+France+Germany+Italy+Luxembourg+Netherlands+Poland+Spain+Switzerland
RCP8.5 / MPI-CLM,storage_total_tyndp2024_pemmdb_nt2040,9,2097,17.621476301072637,Austria+Belgium+Czechia+France+Germany+Italy+Luxembourg+Netherlands+Poland+Spain+Switzerland
RCP8.5 / MPI-CLM,storage_total_tyndp2024_pemmdb_nt2040,10,2095,17.484642205979934,Austria+Belgium+Czechia+France+Germany+Italy+Luxembourg+Netherlands+Poland+Spain+Switzerland
RCP8.5 / MPI-CLM,storage_tyndp2024_pemmdb_nt2040,1,2092,32.797935324978056,Austria+Belgium+Czechia+France+Germany+Italy+Luxembourg+Netherlands+Spain+Switzerland
RCP8.5 / MPI-CLM,storage_tyndp2024_pemmdb_nt2040,2,2090,26.520736927457545,Austria+Belgium+Czechia+France+Germany+Italy+Luxembourg+Netherlands+Spain+Switzerland
RCP8.5 / MPI-CLM,storage_tyndp2024_pemmdb_nt2040,3,2082,24.20815262494136,Austria+Belgium+Czechia+France+Germany+Italy+Luxembourg+Netherlands+Spain+Switzerland
RCP8.5 / MPI-CLM,storage_tyndp2024_pemmdb_nt2040,4,2096,20.82761484413043,Austria+Belgium+Czechia+France+Germany+Italy+Luxembourg+Netherlands+Spain+Switzerland
RCP8.5 / MPI-CLM,storage_tyndp2024_pemmdb_nt2040,5,2098,19.202407430204687,Austria+Belgium+Czechia+France+Germany+Italy+Luxembourg+Netherlands+Spain+Switzerland
RCP8.5 / MPI-CLM,storage_tyndp2024_pemmdb_nt2040,6,2072,19.097984348670018,Austria+Belgium+Czechia+France+Germany+Italy+Luxembourg+Netherlands+Spain+Switzerland
RCP8.5 / MPI-CLM,storage_tyndp2024_pemmdb_nt2040,7,2085,18.696789415197728,Austria+Belgium+Czechia+France+Germany+Italy+Luxembourg+Netherlands+Spain+Switzerland
RCP8.5 / MPI-CLM,storage_tyndp2024_pemmdb_nt2040,8,2094,17.04227232195807,Austria+Belgium+Czechia+France+Germany+Italy+Luxembourg+Netherlands+Spain+Switzerland
RCP8.5 / MPI-CLM,storage_tyndp2024_pemmdb_nt2040,9,2071,16.981020188498526,Austria+Belgium+Czechia+France+Germany+Italy+Luxembourg+Netherlands+Spain+Switzerland
RCP8.5 / MPI-CLM,storage_tyndp2024_pemmdb_nt2040,10,2097,16.75575062200004,Austria+Belgium+Czechia+France+Germany+Italy+Luxembourg+Netherlands+Spain+Switzerland
RCP8.5 / MPI-CLM,thermal_nuclear_tyndp2024_pemmdb_nt2040,1,2092,34.261364663293485,Austria+Belgium+Czechia+France+Germany+Italy+Luxembourg+Netherlands+Poland+Spain+Switzerland
RCP8.5 / MPI-CLM,thermal_nuclear_tyndp2024_pemmdb_nt2040,2,2090,34.04596433198262,Austria+Belgium+Czechia+France+Germany+Italy+Luxembourg+Netherlands+Poland+Spain+Switzerland
RCP8.5 / MPI-CLM,thermal_nuclear_tyndp2024_pemmdb_nt2040,3,2098,32.36600411360459,Austria+Belgium+Czechia+France+Germany+Italy+Luxembourg+Netherlands+Poland+Spain+Switzerland
RCP8.5 / MPI-CLM,thermal_nuclear_tyndp2024_pemmdb_nt2040,4,2082,29.6662195319268,Austria+Belgium+Czechia+France+Germany+Italy+Luxembourg+Netherlands+Poland+Spain+Switzerland
RCP8.5 / MPI-CLM,thermal_nuclear_tyndp2024_pemmdb_nt2040,5,2096,26.706760403446637,Austria+Belgium+Czechia+France+Germany+Italy+Luxembourg+Netherlands+Poland+Spain+Switzerland
RCP8.5 / MPI-CLM,thermal_nuclear_tyndp2024_pemmdb_nt2040,6,2085,25.9229552210478,Austria+Belgium+Czechia+France+Germany+Italy+Luxembourg+Netherlands+Poland+Spain+Switzerland
RCP8.5 / MPI-CLM,thermal_nuclear_tyndp2024_pemmdb_nt2040,7,2095,25.014819532667463,Austria+Belgium+Czechia+France+Germany+Italy+Luxembourg+Netherlands+Poland+Spain+Switzerland
RCP8.5 / MPI-CLM,thermal_nuclear_tyndp2024_pemmdb_nt2040,8,2086,24.40615647352086,Austria+Belgium+Czechia+France+Germany+Italy+Luxembourg+Netherlands+Poland+Spain+Switzerland
RCP8.5 / MPI-CLM,thermal_nuclear_tyndp2024_pemmdb_nt2040,9,2100,21.297187462241787,Austria+Belgium+Czechia+France+Germany+Italy+Luxembourg+Netherlands+Poland+Spain+Switzerland
RCP8.5 / MPI-CLM,thermal_nuclear_tyndp2024_pemmdb_nt2040,10,2099,20.762856028165015,Austria+Belgium+Czechia+France+Germany+Italy+Luxembourg+Netherlands+Poland+Spain+Switzerland
RCP8.5 / MPI-CLM,thermal_tyndp2024_pemmdb_nt2040,1,2090,37.253908695543494,Austria+Belgium+Czechia+France+Germany+Italy+Luxembourg+Netherlands+Poland+Spain+Switzerland
RCP8.5 / MPI-CLM,thermal_tyndp2024_pemmdb_nt2040,2,2092,34.585003870086666,Austria+Belgium+Czechia+France+Germany+Italy+Luxembourg+Netherlands+Poland+Spain+Switzerland
RCP8.5 / MPI-CLM,thermal_tyndp2024_pemmdb_nt2040,3,2098,32.296050655013,Austria+Belgium+Czechia+France+Germany+Italy+Luxembourg+Netherlands+Poland+Spain+Switzerland
RCP8.5 / MPI-CLM,thermal_tyndp2024_pemmdb_nt2040,4,2096,28.636298767492708,Austria+Belgium+Czechia+France+Germany+Italy+Luxembourg+Netherlands+Poland+Spain+Switzerland
RCP8.5 / MPI-CLM,thermal_tyndp2024_pemmdb_nt2040,5,2082,27.987543326886883,Austria+Belgium+Czechia+France+Germany+Italy+Luxembourg+Netherlands+Poland+Spain+Switzerland
RCP8.5 / MPI-CLM,thermal_tyndp2024_pemmdb_nt2040,6,2095,25.676311216360958,Austria+Belgium+Czechia+France+Germany+Italy+Luxembourg+Netherlands+Poland+Spain+Switzerland
RCP8.5 / MPI-CLM,thermal_tyndp2024_pemmdb_nt2040,7,2085,24.47504239253134,Austria+Belgium+Czechia+France+Germany+Italy+Luxembourg+Netherlands+Poland+Spain+Switzerland
RCP8.5 / MPI-CLM,thermal_tyndp2024_pemmdb_nt2040,8,2086,24.343152055738678,Austria+Belgium+Czechia+France+Germany+Italy+Luxembourg+Netherlands+Poland+Spain+Switzerland
RCP8.5 / MPI-CLM,thermal_tyndp2024_pemmdb_nt2040,9,2099,22.346386109535352,Austria+Belgium+Czechia+France+Germany+Italy+Luxembourg+Netherlands+Poland+Spain+Switzerland
RCP8.5 / MPI-CLM,thermal_tyndp2024_pemmdb_nt2040,10,2089,21.638004339499133,Austria+Belgium+Czechia+France+Germany+Italy+Luxembourg+Netherlands+Poland+Spain+Switzerland
RCP8.5 / MPI-CLM,wind_offshore_tyndp2024_pemmdb_nt2040,1,2092,31.790732150582173,Belgium+France+Germany+Italy+Netherlands+Poland+Spain
RCP8.5 / MPI-CLM,wind_offshore_tyndp2024_pemmdb_nt2040,2,2082,23.979588435869207,Belgium+France+Germany+Italy+Netherlands+Poland+Spain
RCP8.5 / MPI-CLM,wind_offshore_tyndp2024_pemmdb_nt2040,3,2090,23.18539309687161,Belgium+France+Germany+Italy+Netherlands+Poland+Spain
RCP8.5 / MPI-CLM,wind_offshore_tyndp2024_pemmdb_nt2040,4,2072,19.252921242897443,Belgium+France+Germany+Italy+Netherlands+Poland+Spain
RCP8.5 / MPI-CLM,wind_offshore_tyndp2024_pemmdb_nt2040,5,2085,18.402850039889962,Belgium+France+Germany+Italy+Netherlands+Poland+Spain
RCP8.5 / MPI-CLM,wind_offshore_tyndp2024_pemmdb_nt2040,6,2096,16.957391839084444,Belgium+France+Germany+Italy+Netherlands+Poland+Spain
RCP8.5 / MPI-CLM,wind_offshore_tyndp2024_pemmdb_nt2040,7,2094,16.80169580425779,Belgium+France+Germany+Italy+Netherlands+Poland+Spain
RCP8.5 / MPI-CLM,wind_offshore_tyndp2024_pemmdb_nt2040,8,2071,16.539637210531872,Belgium+France+Germany+Italy+Netherlands+Poland+Spain
RCP8.5 / MPI-CLM,wind_offshore_tyndp2024_pemmdb_nt2040,9,2098,16.08354226610762,Belgium+France+Germany+Italy+Netherlands+Poland+Spain
RCP8.5 / MPI-CLM,wind_offshore_tyndp2024_pemmdb_nt2040,10,2097,14.597386575217767,Belgium+France+Germany+Italy+Netherlands+Poland+Spain
RCP8.5 / MPI-CLM,wind_onshore_tyndp2024_pemmdb_nt2040,1,2092,33.61316596655677,Austria+Belgium+Czechia+France+Germany+Italy+Luxembourg+Netherlands+Poland+Spain+Switzerland
RCP8.5 / MPI-CLM,wind_onshore_tyndp2024_pemmdb_nt2040,2,2098,33.258050365899834,Austria+Belgium+Czechia+France+Germany+Italy+Luxembourg+Netherlands+Poland+Spain+Switzerland
RCP8.5 / MPI-CLM,wind_onshore_tyndp2024_pemmdb_nt2040,3,2096,28.039533386971097,Austria+Belgium+Czechia+France+Germany+Italy+Luxembourg+Netherlands+Poland+Spain+Switzerland
RCP8.5 / MPI-CLM,wind_onshore_tyndp2024_pemmdb_nt2040,4,2082,26.208756960896803,Austria+Belgium+Czechia+France+Germany+Italy+Luxembourg+Netherlands+Poland+Spain+Switzerland
RCP8.5 / MPI-CLM,wind_onshore_tyndp2024_pemmdb_nt2040,5,2090,25.84630346936233,Austria+Belgium+Czechia+France+Germany+Italy+Luxembourg+Netherlands+Poland+Spain+Switzerland
RCP8.5 / MPI-CLM,wind_onshore_tyndp2024_pemmdb_nt2040,6,2085,23.58985555235023,Austria+Belgium+Czechia+France+Germany+Italy+Luxembourg+Netherlands+Poland+Spain+Switzerland
RCP8.5 / MPI-CLM,wind_onshore_tyndp2024_pemmdb_nt2040,7,2100,22.178766708241834,Austria+Belgium+Czechia+France+Germany+Italy+Luxembourg+Netherlands+Poland+Spain+Switzerland
RCP8.5 / MPI-CLM,wind_onshore_tyndp2024_pemmdb_nt2040,8,2095,21.45945705004188,Austria+Belgium+Czechia+France+Germany+Italy+Luxembourg+Netherlands+Poland+Spain+Switzerland
RCP8.5 / MPI-CLM,wind_onshore_tyndp2024_pemmdb_nt2040,9,2086,19.855001051051843,Austria+Belgium+Czechia+France+Germany+Italy+Luxembourg+Netherlands+Poland+Spain+Switzerland
RCP8.5 / MPI-CLM,wind_onshore_tyndp2024_pemmdb_nt2040,10,2072,18.934118971278135,Austria+Belgium+Czechia+France+Germany+Italy+Luxembourg+Netherlands+Poland+Spain+Switzerland
RCP8.5 / MPI-CLM,wind_tyndp2024_pemmdb_nt2040,1,2092,32.99938475084738,Austria+Belgium+Czechia+France+Germany+Italy+Luxembourg+Netherlands+Poland+Spain+Switzerland
RCP8.5 / MPI-CLM,wind_tyndp2024_pemmdb_nt2040,2,2098,27.4738126238768,Austria+Belgium+Czechia+France+Germany+Italy+Luxembourg+Netherlands+Poland+Spain+Switzerland
RCP8.5 / MPI-CLM,wind_tyndp2024_pemmdb_nt2040,3,2082,25.45799072987152,Austria+Belgium+Czechia+France+Germany+Italy+Luxembourg+Netherlands+Poland+Spain+Switzerland
RCP8.5 / MPI-CLM,wind_tyndp2024_pemmdb_nt2040,4,2090,24.950130017682064,Austria+Belgium+Czechia+France+Germany+Italy+Luxembourg+Netherlands+Poland+Spain+Switzerland
RCP8.5 / MPI-CLM,wind_tyndp2024_pemmdb_nt2040,5,2096,24.307156248058973,Austria+Belgium+Czechia+France+Germany+Italy+Luxembourg+Netherlands+Poland+Spain+Switzerland
RCP8.5 / MPI-CLM,wind_tyndp2024_pemmdb_nt2040,6,2085,21.842913347139927,Austria+Belgium+Czechia+France+Germany+Italy+Luxembourg+Netherlands+Poland+Spain+Switzerland
RCP8.5 / MPI-CLM,wind_tyndp2024_pemmdb_nt2040,7,2100,19.17242601079555,Austria+Belgium+Czechia+France+Germany+Italy+Luxembourg+Netherlands+Poland+Spain+Switzerland
RCP8.5 / MPI-CLM,wind_tyndp2024_pemmdb_nt2040,8,2072,19.041489040978522,Austria+Belgium+Czechia+France+Germany+Italy+Luxembourg+Netherlands+Poland+Spain+Switzerland
RCP8.5 / MPI-CLM,wind_tyndp2024_pemmdb_nt2040,9,2095,18.471511852469934,Austria+Belgium+Czechia+France+Germany+Italy+Luxembourg+Netherlands+Poland+Spain+Switzerland
RCP8.5 / MPI-CLM,wind_tyndp2024_pemmdb_nt2040,10,2086,17.17919018952095,Austria+Belgium+Czechia+France+Germany+Italy+Luxembourg+Netherlands+Poland+Spain+Switzerland
